"quartile","quartile_num","outcome","outcome_short","sex","exposure","exposure_label","estimate","std.error","conf.low","conf.high","p.value","n_obs","n_clusters"
"Q1_lowest",1,"life_expectancy70_to_74_Female","life_expectancy70_to_74_Female","Female","lagged_activity_insourced","In house residential care (%)",0.000214091334147672,0.000208816396402824,-0.000195188802801863,0.000623371471097208,NA,222,37
"Q1_lowest",1,"life_expectancy70_to_74_Female","life_expectancy70_to_74_Female","Female","lagged_activity_total","Total residential care (hrs)",2.4887032317592e-07,5.65504841603818e-07,-8.59519166367564e-07,1.3572598127194e-06,NA,222,37
"Q1_lowest",1,"life_expectancy70_to_74_Female","life_expectancy70_to_74_Female","Female","lagged_old_spend","Spend on 65+ social care (£000s)",5.7422877244031e-07,2.17264086809183e-07,1.48391162294312e-07,1.00006638258631e-06,NA,222,37
"Q1_lowest",1,"life_expectancy70_to_74_Female","life_expectancy70_to_74_Female","Female","lagged_pension_credits","Pension credit spend (£000s)",3.1483407178597e-09,3.32964499476262e-09,-3.37776347187502e-09,9.67444490759443e-09,NA,222,37
"Q1_lowest",1,"life_expectancy70_to_74_Female","life_expectancy70_to_74_Female","Female","lagged_total_pop","Total population (n)",3.00871085996383e-07,2.87301140554612e-07,-2.62239149490656e-07,8.63981321483422e-07,NA,222,37
"Q1_lowest",1,"life_expectancy70_to_74_Female","life_expectancy70_to_74_Female","Female","lagged_per_80","Population over 80 (%)",9.9084795373513e-05,0.000451903038974513,-0.000786645161016532,0.000984814751763558,NA,222,37
"Q1_lowest",1,"life_expectancy70_to_74_Female","life_expectancy70_to_74_Female","Female","lagged_unemp","Unemployment rate (%)",-0.00157512384827044,0.00127087853155849,-0.00406604577012507,0.000915798073584199,NA,222,37
"Q1_lowest",1,"life_expectancy75_to_79_Female","life_expectancy75_to_79_Female","Female","lagged_activity_insourced","In house residential care (%)",6.13040047008032e-05,0.000331549738641634,-0.000588533483036799,0.000711141492438405,NA,222,37
"Q1_lowest",1,"life_expectancy75_to_79_Female","life_expectancy75_to_79_Female","Female","lagged_activity_total","Total residential care (hrs)",7.64155656513252e-07,7.80822316436525e-07,-7.66256083702338e-07,2.29456739672884e-06,NA,222,37
"Q1_lowest",1,"life_expectancy75_to_79_Female","life_expectancy75_to_79_Female","Female","lagged_old_spend","Spend on 65+ social care (£000s)",1.00537371755406e-06,3.07236486023871e-07,4.03190204947272e-07,1.60755723016085e-06,NA,222,37
"Q1_lowest",1,"life_expectancy75_to_79_Female","life_expectancy75_to_79_Female","Female","lagged_pension_credits","Pension credit spend (£000s)",8.73170797494541e-10,4.92951631938788e-09,-8.7886811885057e-09,1.05350227834948e-08,NA,222,37
"Q1_lowest",1,"life_expectancy75_to_79_Female","life_expectancy75_to_79_Female","Female","lagged_total_pop","Total population (n)",-4.011205011338e-08,3.09844085009093e-07,-6.47406456731202e-07,5.67182356504442e-07,NA,222,37
"Q1_lowest",1,"life_expectancy75_to_79_Female","life_expectancy75_to_79_Female","Female","lagged_per_80","Population over 80 (%)",-0.000214842432975333,0.000606101659900065,-0.00140280168637946,0.000973116820428795,NA,222,37
"Q1_lowest",1,"life_expectancy75_to_79_Female","life_expectancy75_to_79_Female","Female","lagged_unemp","Unemployment rate (%)",-0.00201110720253087,0.00171640316428733,-0.00537525740453403,0.0013530429994723,NA,222,37
"Q1_lowest",1,"life_expectancy80_to_84_Female","life_expectancy80_to_84_Female","Female","lagged_activity_insourced","In house residential care (%)",4.29994090790042e-05,0.000401625722786169,-0.000744187007581888,0.000830185825739896,NA,222,37
"Q1_lowest",1,"life_expectancy80_to_84_Female","life_expectancy80_to_84_Female","Female","lagged_activity_total","Total residential care (hrs)",6.71410233646857e-07,1.01725139060662e-06,-1.32240249194212e-06,2.66522295923583e-06,NA,222,37
"Q1_lowest",1,"life_expectancy80_to_84_Female","life_expectancy80_to_84_Female","Female","lagged_old_spend","Spend on 65+ social care (£000s)",1.26987955488222e-06,3.58839701218592e-07,5.66553740493775e-07,1.97320536927066e-06,NA,222,37
"Q1_lowest",1,"life_expectancy80_to_84_Female","life_expectancy80_to_84_Female","Female","lagged_pension_credits","Pension credit spend (£000s)",-2.98308458970446e-10,6.10246027353043e-09,-1.22591305950901e-08,1.16625136771492e-08,NA,222,37
"Q1_lowest",1,"life_expectancy80_to_84_Female","life_expectancy80_to_84_Female","Female","lagged_total_pop","Total population (n)",-5.19988235304327e-07,5.34945629969368e-07,-1.56848167004429e-06,5.28505199435635e-07,NA,222,37
"Q1_lowest",1,"life_expectancy80_to_84_Female","life_expectancy80_to_84_Female","Female","lagged_per_80","Population over 80 (%)",-0.000115735865672743,0.00079607166146255,-0.00167603632213934,0.00144456459079385,NA,222,37
"Q1_lowest",1,"life_expectancy80_to_84_Female","life_expectancy80_to_84_Female","Female","lagged_unemp","Unemployment rate (%)",-0.00266525821781802,0.00191932992786544,-0.00642714487643429,0.00109662844079825,NA,222,37
"Q1_lowest",1,"life_expectancy85_to_89_Female","life_expectancy85_to_89_Female","Female","lagged_activity_insourced","In house residential care (%)",4.95605525691851e-05,0.000515541411109299,-0.00096090061320504,0.00106002171834341,NA,222,37
"Q1_lowest",1,"life_expectancy85_to_89_Female","life_expectancy85_to_89_Female","Female","lagged_activity_total","Total residential care (hrs)",1.58555465047013e-06,1.07454744458104e-06,-5.20558340908707e-07,3.69166764184896e-06,NA,222,37
"Q1_lowest",1,"life_expectancy85_to_89_Female","life_expectancy85_to_89_Female","Female","lagged_old_spend","Spend on 65+ social care (£000s)",1.26903807336296e-06,5.18909185522337e-07,2.51976069739183e-07,2.28610007698674e-06,NA,222,37
"Q1_lowest",1,"life_expectancy85_to_89_Female","life_expectancy85_to_89_Female","Female","lagged_pension_credits","Pension credit spend (£000s)",-3.57578766587236e-09,7.69744682390628e-09,-1.86627834407287e-08,1.15112081089839e-08,NA,222,37
"Q1_lowest",1,"life_expectancy85_to_89_Female","life_expectancy85_to_89_Female","Female","lagged_total_pop","Total population (n)",-4.30988318673593e-07,6.46459230072237e-07,-1.69804840961518e-06,8.36071772267991e-07,NA,222,37
"Q1_lowest",1,"life_expectancy85_to_89_Female","life_expectancy85_to_89_Female","Female","lagged_per_80","Population over 80 (%)",-5.98100391609495e-05,0.000893175935577434,-0.00181043487289272,0.00169081479457082,NA,222,37
"Q1_lowest",1,"life_expectancy85_to_89_Female","life_expectancy85_to_89_Female","Female","lagged_unemp","Unemployment rate (%)",-0.00225670561054607,0.00235020545518352,-0.00686310830270578,0.00234969708161363,NA,222,37
"Q1_lowest",1,"life_expectancy70_to_74_Male","life_expectancy70_to_74_Male","Male","lagged_activity_insourced","In house residential care (%)",-1.428161777121e-05,0.000132535183822247,-0.000274050578062814,0.000245487342520394,NA,222,37
"Q1_lowest",1,"life_expectancy70_to_74_Male","life_expectancy70_to_74_Male","Male","lagged_activity_total","Total residential care (hrs)",-8.91441888799186e-07,4.67337859387346e-07,-1.80742409319838e-06,2.45403156000113e-08,NA,222,37
"Q1_lowest",1,"life_expectancy70_to_74_Male","life_expectancy70_to_74_Male","Male","lagged_old_spend","Spend on 65+ social care (£000s)",4.74272318533386e-07,1.90473552126387e-07,1.00944156365667e-07,8.47600480701105e-07,NA,222,37
"Q1_lowest",1,"life_expectancy70_to_74_Male","life_expectancy70_to_74_Male","Male","lagged_pension_credits","Pension credit spend (£000s)",6.1143562283746e-09,2.90505927941568e-09,4.20440040719867e-10,1.18082724160293e-08,NA,222,37
"Q1_lowest",1,"life_expectancy70_to_74_Male","life_expectancy70_to_74_Male","Male","lagged_total_pop","Total population (n)",4.46864932726814e-07,2.58032396148582e-07,-5.88785637244076e-08,9.52608429178035e-07,NA,222,37
"Q1_lowest",1,"life_expectancy70_to_74_Male","life_expectancy70_to_74_Male","Male","lagged_per_80","Population over 80 (%)",-0.000795111015200837,0.000475946615587825,-0.00172796638175297,0.000137744351351301,NA,222,37
"Q1_lowest",1,"life_expectancy70_to_74_Male","life_expectancy70_to_74_Male","Male","lagged_unemp","Unemployment rate (%)",0.00200641872272458,0.000813385857622648,0.00041218244178419,0.00360065500366497,NA,222,37
"Q1_lowest",1,"life_expectancy75_to_79_Male","life_expectancy75_to_79_Male","Male","lagged_activity_insourced","In house residential care (%)",0.000124187795718938,0.000195412886351682,-0.000258821461530358,0.000507197052968235,NA,222,37
"Q1_lowest",1,"life_expectancy75_to_79_Male","life_expectancy75_to_79_Male","Male","lagged_activity_total","Total residential care (hrs)",-1.22745065585433e-06,5.80888994230299e-07,-2.36599308454572e-06,-8.89082271629463e-08,NA,222,37
"Q1_lowest",1,"life_expectancy75_to_79_Male","life_expectancy75_to_79_Male","Male","lagged_old_spend","Spend on 65+ social care (£000s)",4.66502283971933e-07,2.33651085363929e-07,8.54615665863184e-09,9.24458411285234e-07,NA,222,37
"Q1_lowest",1,"life_expectancy75_to_79_Male","life_expectancy75_to_79_Male","Male","lagged_pension_credits","Pension credit spend (£000s)",7.49706085597555e-09,4.08516116885823e-09,-5.09855034986586e-10,1.55039767469377e-08,NA,222,37
"Q1_lowest",1,"life_expectancy75_to_79_Male","life_expectancy75_to_79_Male","Male","lagged_total_pop","Total population (n)",-3.58792667423861e-07,2.63523871993788e-07,-8.75299456531686e-07,1.57714121683964e-07,NA,222,37
"Q1_lowest",1,"life_expectancy75_to_79_Male","life_expectancy75_to_79_Male","Male","lagged_per_80","Population over 80 (%)",-0.00136077284906556,0.000562288693136145,-0.0024628586876124,-0.000258687010518716,NA,222,37
"Q1_lowest",1,"life_expectancy75_to_79_Male","life_expectancy75_to_79_Male","Male","lagged_unemp","Unemployment rate (%)",0.00335142166770967,0.00104975063332443,0.00129391042639379,0.00540893290902556,NA,222,37
"Q1_lowest",1,"life_expectancy80_to_84_Male","life_expectancy80_to_84_Male","Male","lagged_activity_insourced","In house residential care (%)",0.000139139511352234,0.000342697542142434,-0.000532547671246936,0.000810826693951404,NA,222,37
"Q1_lowest",1,"life_expectancy80_to_84_Male","life_expectancy80_to_84_Male","Male","lagged_activity_total","Total residential care (hrs)",-1.20820681779634e-06,8.49318910368652e-07,-2.8728718821189e-06,4.56458246526219e-07,NA,222,37
"Q1_lowest",1,"life_expectancy80_to_84_Male","life_expectancy80_to_84_Male","Male","lagged_old_spend","Spend on 65+ social care (£000s)",6.87878469342165e-07,3.06536861486529e-07,8.7066220828568e-08,1.28869071785576e-06,NA,222,37
"Q1_lowest",1,"life_expectancy80_to_84_Male","life_expectancy80_to_84_Male","Male","lagged_pension_credits","Pension credit spend (£000s)",1.22811178115185e-08,4.47630117442598e-09,3.50756750964353e-09,2.10546681133934e-08,NA,222,37
"Q1_lowest",1,"life_expectancy80_to_84_Male","life_expectancy80_to_84_Male","Male","lagged_total_pop","Total population (n)",-1.67745545495636e-08,3.0335753656708e-07,-6.1135532622104e-07,5.77806217121913e-07,NA,222,37
"Q1_lowest",1,"life_expectancy80_to_84_Male","life_expectancy80_to_84_Male","Male","lagged_per_80","Population over 80 (%)",-0.0014757905727827,0.000826674937995797,-0.00309607345125446,0.000144492305689066,NA,222,37
"Q1_lowest",1,"life_expectancy80_to_84_Male","life_expectancy80_to_84_Male","Male","lagged_unemp","Unemployment rate (%)",0.00357168384246828,0.00143053335703241,0.000767838462684762,0.0063755292222518,NA,222,37
"Q1_lowest",1,"life_expectancy85_to_89_Male","life_expectancy85_to_89_Male","Male","lagged_activity_insourced","In house residential care (%)",-2.03329463900086e-05,0.000415114227292157,-0.000833956831882637,0.00079329093910262,NA,222,37
"Q1_lowest",1,"life_expectancy85_to_89_Male","life_expectancy85_to_89_Male","Male","lagged_activity_total","Total residential care (hrs)",-1.64173082278307e-06,1.33210610272886e-06,-4.25265878413164e-06,9.69197138565502e-07,NA,222,37
"Q1_lowest",1,"life_expectancy85_to_89_Male","life_expectancy85_to_89_Male","Male","lagged_old_spend","Spend on 65+ social care (£000s)",-2.47398476216452e-07,5.83318540681304e-07,-1.39070281595181e-06,8.95905863518905e-07,NA,222,37
"Q1_lowest",1,"life_expectancy85_to_89_Male","life_expectancy85_to_89_Male","Male","lagged_pension_credits","Pension credit spend (£000s)",8.00756530734184e-09,9.94540523135769e-09,-1.14854289461192e-08,2.75005595608029e-08,NA,222,37
"Q1_lowest",1,"life_expectancy85_to_89_Male","life_expectancy85_to_89_Male","Male","lagged_total_pop","Total population (n)",-1.41811837521086e-06,7.01788384307978e-07,-2.7936236084545e-06,-4.26131419672222e-08,NA,222,37
"Q1_lowest",1,"life_expectancy85_to_89_Male","life_expectancy85_to_89_Male","Male","lagged_per_80","Population over 80 (%)",-0.00212742867166681,0.000817144802013312,-0.0037290324836129,-0.000525824859720718,NA,222,37
"Q1_lowest",1,"life_expectancy85_to_89_Male","life_expectancy85_to_89_Male","Male","lagged_unemp","Unemployment rate (%)",0.00292864412113798,0.00215783134656389,-0.00130070531812726,0.00715799356040321,NA,222,37
"Q2",2,"life_expectancy70_to_74_Female","life_expectancy70_to_74_Female","Female","lagged_activity_insourced","In house residential care (%)",-7.56156341484584e-05,0.000188281197409843,-0.000444646781071752,0.000293415512774835,NA,219,37
"Q2",2,"life_expectancy70_to_74_Female","life_expectancy70_to_74_Female","Female","lagged_activity_total","Total residential care (hrs)",1.11479575567374e-07,2.04186181467638e-07,-2.88725340109196e-07,5.11684491243944e-07,NA,219,37
"Q2",2,"life_expectancy70_to_74_Female","life_expectancy70_to_74_Female","Female","lagged_old_spend","Spend on 65+ social care (£000s)",3.75685556779118e-07,1.36715245113283e-07,1.07723676357084e-07,6.43647437201152e-07,NA,219,37
"Q2",2,"life_expectancy70_to_74_Female","life_expectancy70_to_74_Female","Female","lagged_pension_credits","Pension credit spend (£000s)",-4.7642586572561e-10,1.33065905003811e-09,-3.08451760380031e-09,2.13166587234909e-09,NA,219,37
"Q2",2,"life_expectancy70_to_74_Female","life_expectancy70_to_74_Female","Female","lagged_total_pop","Total population (n)",6.64947093251556e-07,4.99777347403896e-07,-3.1461650766008e-07,1.64451069416319e-06,NA,219,37
"Q2",2,"life_expectancy70_to_74_Female","life_expectancy70_to_74_Female","Female","lagged_per_80","Population over 80 (%)",-0.000464730176248185,0.000377575605498465,-0.00120477836302518,0.000275318010528806,NA,219,37
"Q2",2,"life_expectancy70_to_74_Female","life_expectancy70_to_74_Female","Female","lagged_unemp","Unemployment rate (%)",0.00123552108370764,0.000593296082266419,7.26607624654554e-05,0.00239838140494982,NA,219,37
"Q2",2,"life_expectancy75_to_79_Female","life_expectancy75_to_79_Female","Female","lagged_activity_insourced","In house residential care (%)",-5.13380116041413e-05,0.000250871641582222,-0.000543046429105297,0.000440370405897014,NA,219,37
"Q2",2,"life_expectancy75_to_79_Female","life_expectancy75_to_79_Female","Female","lagged_activity_total","Total residential care (hrs)",9.32704217578015e-08,2.32883541831694e-07,-3.63181320232318e-07,5.49722163747921e-07,NA,219,37
"Q2",2,"life_expectancy75_to_79_Female","life_expectancy75_to_79_Female","Female","lagged_old_spend","Spend on 65+ social care (£000s)",3.78705599582982e-07,1.66541316607344e-07,5.22846190325872e-08,7.05126580133376e-07,NA,219,37
"Q2",2,"life_expectancy75_to_79_Female","life_expectancy75_to_79_Female","Female","lagged_pension_credits","Pension credit spend (£000s)",4.86699999191167e-11,1.47986322161752e-09,-2.85186191445123e-09,2.94920191428946e-09,NA,219,37
"Q2",2,"life_expectancy75_to_79_Female","life_expectancy75_to_79_Female","Female","lagged_total_pop","Total population (n)",9.51229385954e-07,5.47279493438795e-07,-1.21438421186038e-07,2.02389719309404e-06,NA,219,37
"Q2",2,"life_expectancy75_to_79_Female","life_expectancy75_to_79_Female","Female","lagged_per_80","Population over 80 (%)",-0.000235205568199025,0.000451267921197708,-0.00111969069374653,0.000649279557348483,NA,219,37
"Q2",2,"life_expectancy75_to_79_Female","life_expectancy75_to_79_Female","Female","lagged_unemp","Unemployment rate (%)",0.00105045402235101,0.000659641834201597,-0.000242443972684122,0.00234335201738614,NA,219,37
"Q2",2,"life_expectancy80_to_84_Female","life_expectancy80_to_84_Female","Female","lagged_activity_insourced","In house residential care (%)",0.000172717193629321,0.000200674243900353,-0.000220604324415371,0.000566038711674013,NA,219,37
"Q2",2,"life_expectancy80_to_84_Female","life_expectancy80_to_84_Female","Female","lagged_activity_total","Total residential care (hrs)",7.25691548539071e-08,3.0882441733575e-07,-5.32726703124163e-07,6.77865012831977e-07,NA,219,37
"Q2",2,"life_expectancy80_to_84_Female","life_expectancy80_to_84_Female","Female","lagged_old_spend","Spend on 65+ social care (£000s)",3.01496474820744e-07,1.95897441303181e-07,-8.24625101334897e-08,6.85455459774978e-07,NA,219,37
"Q2",2,"life_expectancy80_to_84_Female","life_expectancy80_to_84_Female","Female","lagged_pension_credits","Pension credit spend (£000s)",-2.15184968432316e-09,1.74102664652786e-09,-5.56426191151775e-09,1.26056254287144e-09,NA,219,37
"Q2",2,"life_expectancy80_to_84_Female","life_expectancy80_to_84_Female","Female","lagged_total_pop","Total population (n)",5.35929801901132e-07,7.17360096632369e-07,-8.70095987498312e-07,1.94195559130057e-06,NA,219,37
"Q2",2,"life_expectancy80_to_84_Female","life_expectancy80_to_84_Female","Female","lagged_per_80","Population over 80 (%)",-0.000752955518757767,0.000603949697719103,-0.00193669692628721,0.000430785888771675,NA,219,37
"Q2",2,"life_expectancy80_to_84_Female","life_expectancy80_to_84_Female","Female","lagged_unemp","Unemployment rate (%)",0.000668989292873745,0.000898668118833868,-0.00109240022004064,0.00243037880578813,NA,219,37
"Q2",2,"life_expectancy85_to_89_Female","life_expectancy85_to_89_Female","Female","lagged_activity_insourced","In house residential care (%)",-8.93652697332788e-05,0.000476125334888905,-0.00102257092611553,0.000843840386648975,NA,219,37
"Q2",2,"life_expectancy85_to_89_Female","life_expectancy85_to_89_Female","Female","lagged_activity_total","Total residential care (hrs)",4.19842763097983e-07,3.59341796639304e-07,-2.84467158315052e-07,1.12415268451102e-06,NA,219,37
"Q2",2,"life_expectancy85_to_89_Female","life_expectancy85_to_89_Female","Female","lagged_old_spend","Spend on 65+ social care (£000s)",7.43058226681289e-07,2.34877517964189e-07,2.82698291471479e-07,1.2034181618911e-06,NA,219,37
"Q2",2,"life_expectancy85_to_89_Female","life_expectancy85_to_89_Female","Female","lagged_pension_credits","Pension credit spend (£000s)",-6.16002962349063e-09,2.35373585731868e-09,-1.07733519038352e-08,-1.54670734314602e-09,NA,219,37
"Q2",2,"life_expectancy85_to_89_Female","life_expectancy85_to_89_Female","Female","lagged_total_pop","Total population (n)",-1.05930284254242e-06,1.18710374715985e-06,-3.38602618697574e-06,1.26742050189089e-06,NA,219,37
"Q2",2,"life_expectancy85_to_89_Female","life_expectancy85_to_89_Female","Female","lagged_per_80","Population over 80 (%)",-0.00111075270321451,0.000891359874768634,-0.00285781805776103,0.000636312651332013,NA,219,37
"Q2",2,"life_expectancy85_to_89_Female","life_expectancy85_to_89_Female","Female","lagged_unemp","Unemployment rate (%)",0.000985767684022859,0.00113531577361812,-0.00123945123226866,0.00321098660031438,NA,219,37
"Q2",2,"life_expectancy70_to_74_Male","life_expectancy70_to_74_Male","Male","lagged_activity_insourced","In house residential care (%)",-4.87419437866307e-05,0.000152689908861458,-0.000348014165155089,0.000250530277581828,NA,219,37
"Q2",2,"life_expectancy70_to_74_Male","life_expectancy70_to_74_Male","Male","lagged_activity_total","Total residential care (hrs)",-2.10642683248561e-07,2.0779286313249e-07,-6.17916694988242e-07,1.96631328491119e-07,NA,219,37
"Q2",2,"life_expectancy70_to_74_Male","life_expectancy70_to_74_Male","Male","lagged_old_spend","Spend on 65+ social care (£000s)",4.120389268446e-07,1.84904522770569e-07,4.96260622142836e-08,7.74451791474916e-07,NA,219,37
"Q2",2,"life_expectancy70_to_74_Male","life_expectancy70_to_74_Male","Male","lagged_pension_credits","Pension credit spend (£000s)",-2.13527114415462e-09,1.13155724490155e-09,-4.35312334416167e-09,8.25810558524272e-11,NA,219,37
"Q2",2,"life_expectancy70_to_74_Male","life_expectancy70_to_74_Male","Male","lagged_total_pop","Total population (n)",6.06371789973603e-07,6.56488541289833e-07,-6.8034575095447e-07,1.89308933090168e-06,NA,219,37
"Q2",2,"life_expectancy70_to_74_Male","life_expectancy70_to_74_Male","Male","lagged_per_80","Population over 80 (%)",-0.00040792336863778,0.000385168876396396,-0.00116285436637472,0.000347007629099157,NA,219,37
"Q2",2,"life_expectancy70_to_74_Male","life_expectancy70_to_74_Male","Male","lagged_unemp","Unemployment rate (%)",0.000440519572133061,0.000811655329568986,-0.00115032487382215,0.00203136401808827,NA,219,37
"Q2",2,"life_expectancy75_to_79_Male","life_expectancy75_to_79_Male","Male","lagged_activity_insourced","In house residential care (%)",-1.43536264260668e-05,0.000231304649543774,-0.000467710739531863,0.000439003486679729,NA,219,37
"Q2",2,"life_expectancy75_to_79_Male","life_expectancy75_to_79_Male","Male","lagged_activity_total","Total residential care (hrs)",-3.54722598463182e-07,2.17074469830648e-07,-7.80188559331252e-07,7.07433624048876e-08,NA,219,37
"Q2",2,"life_expectancy75_to_79_Male","life_expectancy75_to_79_Male","Male","lagged_old_spend","Spend on 65+ social care (£000s)",3.23432081529525e-07,2.17834014958976e-07,-1.03522587790068e-07,7.50386750849119e-07,NA,219,37
"Q2",2,"life_expectancy75_to_79_Male","life_expectancy75_to_79_Male","Male","lagged_pension_credits","Pension credit spend (£000s)",-1.8080107857364e-09,1.42500917518272e-09,-4.60102876909454e-09,9.85007197621733e-10,NA,219,37
"Q2",2,"life_expectancy75_to_79_Male","life_expectancy75_to_79_Male","Male","lagged_total_pop","Total population (n)",1.28847004189774e-06,1.01085238857967e-06,-6.92800639718418e-07,3.26974072351389e-06,NA,219,37
"Q2",2,"life_expectancy75_to_79_Male","life_expectancy75_to_79_Male","Male","lagged_per_80","Population over 80 (%)",-0.000662652800071026,0.000502289481567407,-0.00164714018394314,0.000321834583801093,NA,219,37
"Q2",2,"life_expectancy75_to_79_Male","life_expectancy75_to_79_Male","Male","lagged_unemp","Unemployment rate (%)",0.000807256201109079,0.00108469702693046,-0.00131874997167463,0.00293326237389278,NA,219,37
"Q2",2,"life_expectancy80_to_84_Male","life_expectancy80_to_84_Male","Male","lagged_activity_insourced","In house residential care (%)",-8.9598497596713e-06,0.000342570896498626,-0.000680398806896979,0.000662479107377636,NA,219,37
"Q2",2,"life_expectancy80_to_84_Male","life_expectancy80_to_84_Male","Male","lagged_activity_total","Total residential care (hrs)",-5.26187970719434e-07,2.40322206914667e-07,-9.97219496272181e-07,-5.51564451666873e-08,NA,219,37
"Q2",2,"life_expectancy80_to_84_Male","life_expectancy80_to_84_Male","Male","lagged_old_spend","Spend on 65+ social care (£000s)",4.52105994203073e-07,3.14124695546392e-07,-1.63578409067856e-07,1.067790397474e-06,NA,219,37
"Q2",2,"life_expectancy80_to_84_Male","life_expectancy80_to_84_Male","Male","lagged_pension_credits","Pension credit spend (£000s)",-2.36043939854203e-09,1.84600977268502e-09,-5.97861855300468e-09,1.25773975592062e-09,NA,219,37
"Q2",2,"life_expectancy80_to_84_Male","life_expectancy80_to_84_Male","Male","lagged_total_pop","Total population (n)",8.05489660905992e-07,1.07576518774492e-06,-1.30301010707406e-06,2.91398942888604e-06,NA,219,37
"Q2",2,"life_expectancy80_to_84_Male","life_expectancy80_to_84_Male","Male","lagged_per_80","Population over 80 (%)",-0.0013312446173679,0.000620107318041244,-0.00254665496072874,-0.000115834274007061,NA,219,37
"Q2",2,"life_expectancy80_to_84_Male","life_expectancy80_to_84_Male","Male","lagged_unemp","Unemployment rate (%)",0.00141362161840804,0.00137311042817179,-0.00127767482080867,0.00410491805762475,NA,219,37
"Q2",2,"life_expectancy85_to_89_Male","life_expectancy85_to_89_Male","Male","lagged_activity_insourced","In house residential care (%)",0.000465249202269387,0.000477772819020042,-0.000471185523009895,0.00140168392754867,NA,219,37
"Q2",2,"life_expectancy85_to_89_Male","life_expectancy85_to_89_Male","Male","lagged_activity_total","Total residential care (hrs)",-6.12199385234012e-07,3.90633670931734e-07,-1.37784138026021e-06,1.53442609792186e-07,NA,219,37
"Q2",2,"life_expectancy85_to_89_Male","life_expectancy85_to_89_Male","Male","lagged_old_spend","Spend on 65+ social care (£000s)",6.36137717856091e-07,3.81954278481233e-07,-1.12492667967124e-07,1.38476810367931e-06,NA,219,37
"Q2",2,"life_expectancy85_to_89_Male","life_expectancy85_to_89_Male","Male","lagged_pension_credits","Pension credit spend (£000s)",-4.55711288860317e-09,2.69388062906115e-09,-9.83711892156302e-09,7.22893144356692e-10,NA,219,37
"Q2",2,"life_expectancy85_to_89_Male","life_expectancy85_to_89_Male","Male","lagged_total_pop","Total population (n)",2.9818058693524e-06,1.6142010577052e-06,-1.82028203749788e-07,6.1456399424546e-06,NA,219,37
"Q2",2,"life_expectancy85_to_89_Male","life_expectancy85_to_89_Male","Male","lagged_per_80","Population over 80 (%)",-0.00158627742819838,0.000672447249051761,-0.00290427403633983,-0.00026828082005693,NA,219,37
"Q2",2,"life_expectancy85_to_89_Male","life_expectancy85_to_89_Male","Male","lagged_unemp","Unemployment rate (%)",0.000570413557119231,0.00155941980922366,-0.00248604926895915,0.00362687638319761,NA,219,37
"Q3",3,"life_expectancy70_to_74_Female","life_expectancy70_to_74_Female","Female","lagged_activity_insourced","In house residential care (%)",0.000116754919727171,7.37141079254619e-05,-2.77247318067348e-05,0.000261234571261076,NA,213,36
"Q3",3,"life_expectancy70_to_74_Female","life_expectancy70_to_74_Female","Female","lagged_activity_total","Total residential care (hrs)",1.46181264032044e-07,2.65438013838928e-07,-3.74077243092255e-07,6.66439771156343e-07,NA,213,36
"Q3",3,"life_expectancy70_to_74_Female","life_expectancy70_to_74_Female","Female","lagged_old_spend","Spend on 65+ social care (£000s)",-2.49120217542004e-07,2.88706526467099e-07,-8.14985009417519e-07,3.1674457433351e-07,NA,213,36
"Q3",3,"life_expectancy70_to_74_Female","life_expectancy70_to_74_Female","Female","lagged_pension_credits","Pension credit spend (£000s)",2.24718567605535e-09,1.54132832400232e-09,-7.73817838989196e-10,5.2681891910999e-09,NA,213,36
"Q3",3,"life_expectancy70_to_74_Female","life_expectancy70_to_74_Female","Female","lagged_total_pop","Total population (n)",-2.0886460071622e-07,9.54380774873173e-07,-2.07945091946764e-06,1.6617217180352e-06,NA,213,36
"Q3",3,"life_expectancy70_to_74_Female","life_expectancy70_to_74_Female","Female","lagged_per_80","Population over 80 (%)",-0.000763363590214715,0.000394620006773944,-0.00153681880349165,1.0091623062215e-05,NA,213,36
"Q3",3,"life_expectancy70_to_74_Female","life_expectancy70_to_74_Female","Female","lagged_unemp","Unemployment rate (%)",0.000164869902664372,0.00067603240648352,-0.00116015361404333,0.00148989341937207,NA,213,36
"Q3",3,"life_expectancy75_to_79_Female","life_expectancy75_to_79_Female","Female","lagged_activity_insourced","In house residential care (%)",0.000133303699647222,7.32503925093362e-05,-1.02670696710769e-05,0.000276874468965521,NA,213,36
"Q3",3,"life_expectancy75_to_79_Female","life_expectancy75_to_79_Female","Female","lagged_activity_total","Total residential care (hrs)",3.72645753908585e-07,3.0807934332895e-07,-2.31189759016156e-07,9.76481266833327e-07,NA,213,36
"Q3",3,"life_expectancy75_to_79_Female","life_expectancy75_to_79_Female","Female","lagged_old_spend","Spend on 65+ social care (£000s)",-5.23531887990279e-07,3.39595615813619e-07,-1.18913929498497e-06,1.42075519004415e-07,NA,213,36
"Q3",3,"life_expectancy75_to_79_Female","life_expectancy75_to_79_Female","Female","lagged_pension_credits","Pension credit spend (£000s)",3.16338636084709e-09,1.88289907825212e-09,-5.27095832527059e-10,6.85386855422124e-09,NA,213,36
"Q3",3,"life_expectancy75_to_79_Female","life_expectancy75_to_79_Female","Female","lagged_total_pop","Total population (n)",-3.93702193617203e-07,1.1167679499127e-06,-2.5825673754461e-06,1.79516298821169e-06,NA,213,36
"Q3",3,"life_expectancy75_to_79_Female","life_expectancy75_to_79_Female","Female","lagged_per_80","Population over 80 (%)",-0.00079634521778052,0.000465336537644151,-0.00170840483156306,0.000115714396002017,NA,213,36
"Q3",3,"life_expectancy75_to_79_Female","life_expectancy75_to_79_Female","Female","lagged_unemp","Unemployment rate (%)",0.000470936608407467,0.000834310323271443,-0.00116431162520456,0.0021061848420195,NA,213,36
"Q3",3,"life_expectancy80_to_84_Female","life_expectancy80_to_84_Female","Female","lagged_activity_insourced","In house residential care (%)",0.00032561432678743,0.000120604317323267,8.92298648338261e-05,0.000561998788741034,NA,213,36
"Q3",3,"life_expectancy80_to_84_Female","life_expectancy80_to_84_Female","Female","lagged_activity_total","Total residential care (hrs)",6.59819535215352e-07,3.6998512035839e-07,-6.53513006870919e-08,1.3849903711178e-06,NA,213,36
"Q3",3,"life_expectancy80_to_84_Female","life_expectancy80_to_84_Female","Female","lagged_old_spend","Spend on 65+ social care (£000s)",-3.71596904278541e-07,4.61440253732163e-07,-1.27601980159358e-06,5.32825993036498e-07,NA,213,36
"Q3",3,"life_expectancy80_to_84_Female","life_expectancy80_to_84_Female","Female","lagged_pension_credits","Pension credit spend (£000s)",3.36003045280294e-09,2.51664612045101e-09,-1.57259594328104e-09,8.29265684888692e-09,NA,213,36
"Q3",3,"life_expectancy80_to_84_Female","life_expectancy80_to_84_Female","Female","lagged_total_pop","Total population (n)",8.08064545638065e-07,1.35908608573062e-06,-1.85574418239396e-06,3.47187327367009e-06,NA,213,36
"Q3",3,"life_expectancy80_to_84_Female","life_expectancy80_to_84_Female","Female","lagged_per_80","Population over 80 (%)",-0.000599109038956342,0.000541016714574032,-0.00165950179952144,0.00046128372160876,NA,213,36
"Q3",3,"life_expectancy80_to_84_Female","life_expectancy80_to_84_Female","Female","lagged_unemp","Unemployment rate (%)",0.000964601036494847,0.00114946602433671,-0.0012883523712051,0.00321755444419479,NA,213,36
"Q3",3,"life_expectancy85_to_89_Female","life_expectancy85_to_89_Female","Female","lagged_activity_insourced","In house residential care (%)",0.000633008123507679,0.000167876062689692,0.000303971040635883,0.000962045206379476,NA,213,36
"Q3",3,"life_expectancy85_to_89_Female","life_expectancy85_to_89_Female","Female","lagged_activity_total","Total residential care (hrs)",1.14491930885233e-06,5.62890169122922e-07,4.16545773714024e-08,2.24818404033326e-06,NA,213,36
"Q3",3,"life_expectancy85_to_89_Female","life_expectancy85_to_89_Female","Female","lagged_old_spend","Spend on 65+ social care (£000s)",-7.67240202682688e-07,7.18312962739244e-07,-2.17513360965161e-06,6.40653204286231e-07,NA,213,36
"Q3",3,"life_expectancy85_to_89_Female","life_expectancy85_to_89_Female","Female","lagged_pension_credits","Pension credit spend (£000s)",1.86449879502123e-09,3.51826942014634e-09,-5.03130926846559e-09,8.76030685850806e-09,NA,213,36
"Q3",3,"life_expectancy85_to_89_Female","life_expectancy85_to_89_Female","Female","lagged_total_pop","Total population (n)",1.77509328281888e-06,1.99039105483873e-06,-2.12607318466503e-06,5.6762597503028e-06,NA,213,36
"Q3",3,"life_expectancy85_to_89_Female","life_expectancy85_to_89_Female","Female","lagged_per_80","Population over 80 (%)",-0.00108985131003824,0.000947102333647244,-0.00294617188398683,0.000766469263910361,NA,213,36
"Q3",3,"life_expectancy85_to_89_Female","life_expectancy85_to_89_Female","Female","lagged_unemp","Unemployment rate (%)",0.00095150750755427,0.00160511806435946,-0.00219452389859027,0.00409753891369881,NA,213,36
"Q3",3,"life_expectancy70_to_74_Male","life_expectancy70_to_74_Male","Male","lagged_activity_insourced","In house residential care (%)",0.000105687552334746,5.24242093572019e-05,2.93610199463031e-06,0.000208439002674862,NA,213,36
"Q3",3,"life_expectancy70_to_74_Male","life_expectancy70_to_74_Male","Male","lagged_activity_total","Total residential care (hrs)",-3.17915114788404e-09,1.73178601389619e-07,-3.42609209871537e-07,3.36250907575769e-07,NA,213,36
"Q3",3,"life_expectancy70_to_74_Male","life_expectancy70_to_74_Male","Male","lagged_old_spend","Spend on 65+ social care (£000s)",2.2312915056028e-07,2.3867545641061e-07,-2.44674744004516e-07,6.90933045125076e-07,NA,213,36
"Q3",3,"life_expectancy70_to_74_Male","life_expectancy70_to_74_Male","Male","lagged_pension_credits","Pension credit spend (£000s)",1.38658620790983e-10,1.64629425107727e-09,-3.08807811132047e-09,3.36539535290244e-09,NA,213,36
"Q3",3,"life_expectancy70_to_74_Male","life_expectancy70_to_74_Male","Male","lagged_total_pop","Total population (n)",-6.63198375192938e-07,8.00096694003317e-07,-2.23138789543944e-06,9.04991145053564e-07,NA,213,36
"Q3",3,"life_expectancy70_to_74_Male","life_expectancy70_to_74_Male","Male","lagged_per_80","Population over 80 (%)",-0.000187802768240848,0.00035791761437643,-0.000889321292418651,0.000513715755936955,NA,213,36
"Q3",3,"life_expectancy70_to_74_Male","life_expectancy70_to_74_Male","Male","lagged_unemp","Unemployment rate (%)",-0.000499555019207386,0.00056528565446012,-0.00160751490194922,0.000608404863534448,NA,213,36
"Q3",3,"life_expectancy75_to_79_Male","life_expectancy75_to_79_Male","Male","lagged_activity_insourced","In house residential care (%)",0.000110233239378077,6.26262007665988e-05,-1.25141141244567e-05,0.000232980592880611,NA,213,36
"Q3",3,"life_expectancy75_to_79_Male","life_expectancy75_to_79_Male","Male","lagged_activity_total","Total residential care (hrs)",-7.86791055417764e-08,2.76511159408563e-07,-6.20640977982561e-07,4.63282766899008e-07,NA,213,36
"Q3",3,"life_expectancy75_to_79_Male","life_expectancy75_to_79_Male","Male","lagged_old_spend","Spend on 65+ social care (£000s)",2.7219731637414e-07,3.14871632493696e-07,-3.44951083313503e-07,8.89345716061784e-07,NA,213,36
"Q3",3,"life_expectancy75_to_79_Male","life_expectancy75_to_79_Male","Male","lagged_pension_credits","Pension credit spend (£000s)",-7.65047921322744e-10,2.29487187313905e-09,-5.26299679267528e-09,3.73290095002979e-09,NA,213,36
"Q3",3,"life_expectancy75_to_79_Male","life_expectancy75_to_79_Male","Male","lagged_total_pop","Total population (n)",-8.89224646371125e-07,1.2847487079442e-06,-3.40733211394176e-06,1.62888282119951e-06,NA,213,36
"Q3",3,"life_expectancy75_to_79_Male","life_expectancy75_to_79_Male","Male","lagged_per_80","Population over 80 (%)",0.000422116577059684,0.000610425764129449,-0.000774317920634037,0.0016185510747534,NA,213,36
"Q3",3,"life_expectancy75_to_79_Male","life_expectancy75_to_79_Male","Male","lagged_unemp","Unemployment rate (%)",-0.000564592270380464,0.00082164628675268,-0.00217501899241572,0.00104583445165479,NA,213,36
"Q3",3,"life_expectancy80_to_84_Male","life_expectancy80_to_84_Male","Male","lagged_activity_insourced","In house residential care (%)",-0.000111533444389149,8.91931303771847e-05,-0.000286351979928431,6.32850911501326e-05,NA,213,36
"Q3",3,"life_expectancy80_to_84_Male","life_expectancy80_to_84_Male","Male","lagged_activity_total","Total residential care (hrs)",1.1574982616403e-07,3.40500108665684e-07,-5.51630386820711e-07,7.83130039148771e-07,NA,213,36
"Q3",3,"life_expectancy80_to_84_Male","life_expectancy80_to_84_Male","Male","lagged_old_spend","Spend on 65+ social care (£000s)",4.46975723964837e-07,3.79023136170332e-07,-2.95909622929013e-07,1.18986107085869e-06,NA,213,36
"Q3",3,"life_expectancy80_to_84_Male","life_expectancy80_to_84_Male","Male","lagged_pension_credits","Pension credit spend (£000s)",8.90010013922963e-10,2.36715705122186e-09,-3.74961780647187e-09,5.5296378343178e-09,NA,213,36
"Q3",3,"life_expectancy80_to_84_Male","life_expectancy80_to_84_Male","Male","lagged_total_pop","Total population (n)",-6.03917644519011e-07,1.41054497746627e-06,-3.3685858003529e-06,2.16075051131488e-06,NA,213,36
"Q3",3,"life_expectancy80_to_84_Male","life_expectancy80_to_84_Male","Male","lagged_per_80","Population over 80 (%)",0.000221907732092706,0.00078751935782304,-0.00132163020924045,0.00176544567342586,NA,213,36
"Q3",3,"life_expectancy80_to_84_Male","life_expectancy80_to_84_Male","Male","lagged_unemp","Unemployment rate (%)",-0.000832081088980689,0.00112702058421304,-0.00304104143403825,0.00137687925607687,NA,213,36
"Q3",3,"life_expectancy85_to_89_Male","life_expectancy85_to_89_Male","Male","lagged_activity_insourced","In house residential care (%)",-0.000195140761167618,0.000117857129021325,-0.000426140734049416,3.585921171418e-05,NA,213,36
"Q3",3,"life_expectancy85_to_89_Male","life_expectancy85_to_89_Male","Male","lagged_activity_total","Total residential care (hrs)",4.0144790615243e-07,5.25591413770919e-07,-6.28711264838571e-07,1.43160707714343e-06,NA,213,36
"Q3",3,"life_expectancy85_to_89_Male","life_expectancy85_to_89_Male","Male","lagged_old_spend","Spend on 65+ social care (£000s)",3.71249336982312e-07,6.42715234303266e-07,-8.88472522252089e-07,1.63097119621671e-06,NA,213,36
"Q3",3,"life_expectancy85_to_89_Male","life_expectancy85_to_89_Male","Male","lagged_pension_credits","Pension credit spend (£000s)",1.33567033668332e-09,3.57306178760912e-09,-5.66753076703056e-09,8.33887144039719e-09,NA,213,36
"Q3",3,"life_expectancy85_to_89_Male","life_expectancy85_to_89_Male","Male","lagged_total_pop","Total population (n)",-1.42993208220453e-06,2.19920859251875e-06,-5.74038092354127e-06,2.88051675913222e-06,NA,213,36
"Q3",3,"life_expectancy85_to_89_Male","life_expectancy85_to_89_Male","Male","lagged_per_80","Population over 80 (%)",-0.000560747534072289,0.00105566006904869,-0.00262984126940771,0.00150834620126314,NA,213,36
"Q3",3,"life_expectancy85_to_89_Male","life_expectancy85_to_89_Male","Male","lagged_unemp","Unemployment rate (%)",0.000248336019741484,0.00183576626208757,-0.00334976585395015,0.00384643789343312,NA,213,36
"Q4_highest",4,"life_expectancy70_to_74_Female","life_expectancy70_to_74_Female","Female","lagged_activity_insourced","In house residential care (%)",0.000525467808160283,0.00015704159835277,0.000217666275388854,0.000833269340931711,NA,216,36
"Q4_highest",4,"life_expectancy70_to_74_Female","life_expectancy70_to_74_Female","Female","lagged_activity_total","Total residential care (hrs)",-3.02796897439585e-07,2.13767497109245e-07,-7.21781191773705e-07,1.16187396894535e-07,NA,216,36
"Q4_highest",4,"life_expectancy70_to_74_Female","life_expectancy70_to_74_Female","Female","lagged_old_spend","Spend on 65+ social care (£000s)",-5.46414238709974e-08,1.13587988797997e-07,-2.77273881915072e-07,1.67991034173077e-07,NA,216,36
"Q4_highest",4,"life_expectancy70_to_74_Female","life_expectancy70_to_74_Female","Female","lagged_pension_credits","Pension credit spend (£000s)",1.95832382214652e-09,7.98023343589443e-10,3.94198068711211e-10,3.52244957558183e-09,NA,216,36
"Q4_highest",4,"life_expectancy70_to_74_Female","life_expectancy70_to_74_Female","Female","lagged_total_pop","Total population (n)",1.08884595696549e-06,4.42785871923306e-07,2.20985647995807e-07,1.95670626593517e-06,NA,216,36
"Q4_highest",4,"life_expectancy70_to_74_Female","life_expectancy70_to_74_Female","Female","lagged_per_80","Population over 80 (%)",0.000686522577472579,0.000374561063250848,-4.76171064990826e-05,0.00142066226144424,NA,216,36
"Q4_highest",4,"life_expectancy70_to_74_Female","life_expectancy70_to_74_Female","Female","lagged_unemp","Unemployment rate (%)",-0.000265326169369037,0.000518267182357556,-0.00128112984678985,0.000750477508051773,NA,216,36
"Q4_highest",4,"life_expectancy75_to_79_Female","life_expectancy75_to_79_Female","Female","lagged_activity_insourced","In house residential care (%)",0.000408993806404532,0.000206856933552582,3.55421664147056e-06,0.000814433396167594,NA,216,36
"Q4_highest",4,"life_expectancy75_to_79_Female","life_expectancy75_to_79_Female","Female","lagged_activity_total","Total residential care (hrs)",-3.56582172953352e-07,2.6780131082848e-07,-8.81472742177172e-07,1.68308396270469e-07,NA,216,36
"Q4_highest",4,"life_expectancy75_to_79_Female","life_expectancy75_to_79_Female","Female","lagged_old_spend","Spend on 65+ social care (£000s)",-9.02338464329306e-08,1.41617486197504e-07,-3.67804119380039e-07,1.87336426514178e-07,NA,216,36
"Q4_highest",4,"life_expectancy75_to_79_Female","life_expectancy75_to_79_Female","Female","lagged_pension_credits","Pension credit spend (£000s)",1.60375029101479e-09,8.15227275914397e-10,5.90483022257503e-12,3.20159575180701e-09,NA,216,36
"Q4_highest",4,"life_expectancy75_to_79_Female","life_expectancy75_to_79_Female","Female","lagged_total_pop","Total population (n)",1.34128278587363e-06,6.57265739808799e-07,5.30419358483881e-08,2.62952363589888e-06,NA,216,36
"Q4_highest",4,"life_expectancy75_to_79_Female","life_expectancy75_to_79_Female","Female","lagged_per_80","Population over 80 (%)",0.000960786751430612,0.000503878682516232,-2.68154663012021e-05,0.00194838896916243,NA,216,36
"Q4_highest",4,"life_expectancy75_to_79_Female","life_expectancy75_to_79_Female","Female","lagged_unemp","Unemployment rate (%)",-0.000687381068247681,0.000614842938634198,-0.00189247322797071,0.000517711091475346,NA,216,36
"Q4_highest",4,"life_expectancy80_to_84_Female","life_expectancy80_to_84_Female","Female","lagged_activity_insourced","In house residential care (%)",0.000498435128463256,0.000199408490369777,0.000107594487338493,0.000889275769588018,NA,216,36
"Q4_highest",4,"life_expectancy80_to_84_Female","life_expectancy80_to_84_Female","Female","lagged_activity_total","Total residential care (hrs)",-5.77634464885058e-07,3.55318863903285e-07,-1.2740594381355e-06,1.1879050836538e-07,NA,216,36
"Q4_highest",4,"life_expectancy80_to_84_Female","life_expectancy80_to_84_Female","Female","lagged_old_spend","Spend on 65+ social care (£000s)",-1.46733229105769e-07,1.68822412971704e-07,-4.77625158530309e-07,1.8415870031877e-07,NA,216,36
"Q4_highest",4,"life_expectancy80_to_84_Female","life_expectancy80_to_84_Female","Female","lagged_pension_credits","Pension credit spend (£000s)",2.01867313297464e-09,8.91444221684474e-10,2.71442458473077e-10,3.76590380747621e-09,NA,216,36
"Q4_highest",4,"life_expectancy80_to_84_Female","life_expectancy80_to_84_Female","Female","lagged_total_pop","Total population (n)",2.05136272934493e-06,5.99129231268407e-07,8.77069436058852e-07,3.22565602263101e-06,NA,216,36
"Q4_highest",4,"life_expectancy80_to_84_Female","life_expectancy80_to_84_Female","Female","lagged_per_80","Population over 80 (%)",0.000596431593490117,0.000550716421617236,-0.000482972592879665,0.0016758357798599,NA,216,36
"Q4_highest",4,"life_expectancy80_to_84_Female","life_expectancy80_to_84_Female","Female","lagged_unemp","Unemployment rate (%)",-0.000110312542967339,0.00073250749214413,-0.00154602722756983,0.00132540214163516,NA,216,36
"Q4_highest",4,"life_expectancy85_to_89_Female","life_expectancy85_to_89_Female","Female","lagged_activity_insourced","In house residential care (%)",0.00128135423604671,0.000417407354242385,0.00046323582173164,0.00209947265036179,NA,216,36
"Q4_highest",4,"life_expectancy85_to_89_Female","life_expectancy85_to_89_Female","Female","lagged_activity_total","Total residential care (hrs)",-4.42714464357516e-07,5.30833820321027e-07,-1.48314875218673e-06,5.97719823471697e-07,NA,216,36
"Q4_highest",4,"life_expectancy85_to_89_Female","life_expectancy85_to_89_Female","Female","lagged_old_spend","Spend on 65+ social care (£000s)",-2.84870994517545e-07,2.65040180869599e-07,-8.04349749021959e-07,2.34607759986869e-07,NA,216,36
"Q4_highest",4,"life_expectancy85_to_89_Female","life_expectancy85_to_89_Female","Female","lagged_pension_credits","Pension credit spend (£000s)",1.31330506146891e-09,1.5019253972999e-09,-1.63046871723888e-09,4.25707884017671e-09,NA,216,36
"Q4_highest",4,"life_expectancy85_to_89_Female","life_expectancy85_to_89_Female","Female","lagged_total_pop","Total population (n)",2.94971154210769e-06,1.04171788593858e-06,9.07944485668064e-07,4.99147859854732e-06,NA,216,36
"Q4_highest",4,"life_expectancy85_to_89_Female","life_expectancy85_to_89_Female","Female","lagged_per_80","Population over 80 (%)",0.00170867774507177,0.00104264127305029,-0.000334899150106811,0.00375225464025034,NA,216,36
"Q4_highest",4,"life_expectancy85_to_89_Female","life_expectancy85_to_89_Female","Female","lagged_unemp","Unemployment rate (%)",-0.000641605861775897,0.00131016440070871,-0.00320952808716498,0.00192631636361318,NA,216,36
"Q4_highest",4,"life_expectancy70_to_74_Male","life_expectancy70_to_74_Male","Male","lagged_activity_insourced","In house residential care (%)",3.13988816631125e-05,0.000181616243032028,-0.000324568954679662,0.000387366718005887,NA,216,36
"Q4_highest",4,"life_expectancy70_to_74_Male","life_expectancy70_to_74_Male","Male","lagged_activity_total","Total residential care (hrs)",6.71210743077341e-07,2.78288721467007e-07,1.25764849002007e-07,1.21665663715268e-06,NA,216,36
"Q4_highest",4,"life_expectancy70_to_74_Male","life_expectancy70_to_74_Male","Male","lagged_old_spend","Spend on 65+ social care (£000s)",-2.87771813047728e-08,1.56342384351229e-07,-3.35208254633182e-07,2.77653892023637e-07,NA,216,36
"Q4_highest",4,"life_expectancy70_to_74_Male","life_expectancy70_to_74_Male","Male","lagged_pension_credits","Pension credit spend (£000s)",-1.17655178621064e-09,9.80645615318611e-10,-3.09861719223512e-09,7.45513619813835e-10,NA,216,36
"Q4_highest",4,"life_expectancy70_to_74_Male","life_expectancy70_to_74_Male","Male","lagged_total_pop","Total population (n)",4.02761712453511e-07,4.33065009125778e-07,-4.46045705433015e-07,1.25156913034004e-06,NA,216,36
"Q4_highest",4,"life_expectancy70_to_74_Male","life_expectancy70_to_74_Male","Male","lagged_per_80","Population over 80 (%)",0.000551025973864411,0.000553748143662147,-0.000534320387713398,0.00163637233544222,NA,216,36
"Q4_highest",4,"life_expectancy70_to_74_Male","life_expectancy70_to_74_Male","Male","lagged_unemp","Unemployment rate (%)",0.000523065091641177,0.000728301134282254,-0.000904405131552041,0.00195053531483439,NA,216,36
"Q4_highest",4,"life_expectancy75_to_79_Male","life_expectancy75_to_79_Male","Male","lagged_activity_insourced","In house residential care (%)",-5.80178132335801e-05,0.00024996332957669,-0.000547945939203893,0.000431910312736733,NA,216,36
"Q4_highest",4,"life_expectancy75_to_79_Male","life_expectancy75_to_79_Male","Male","lagged_activity_total","Total residential care (hrs)",9.07428669267437e-07,3.31954799108925e-07,2.56797263013944e-07,1.55806007552093e-06,NA,216,36
"Q4_highest",4,"life_expectancy75_to_79_Male","life_expectancy75_to_79_Male","Male","lagged_old_spend","Spend on 65+ social care (£000s)",8.36087358591461e-08,2.03205240242752e-07,-3.14673535016647e-07,4.8189100673494e-07,NA,216,36
"Q4_highest",4,"life_expectancy75_to_79_Male","life_expectancy75_to_79_Male","Male","lagged_pension_credits","Pension credit spend (£000s)",-1.91208167608876e-09,1.23725777432639e-09,-4.33710691376848e-09,5.12943561590966e-10,NA,216,36
"Q4_highest",4,"life_expectancy75_to_79_Male","life_expectancy75_to_79_Male","Male","lagged_total_pop","Total population (n)",-1.36914643422758e-07,6.25331874211065e-07,-1.36256511687644e-06,1.08873583003093e-06,NA,216,36
"Q4_highest",4,"life_expectancy75_to_79_Male","life_expectancy75_to_79_Male","Male","lagged_per_80","Population over 80 (%)",0.000692320526373319,0.000772278679721586,-0.00082134568588099,0.00220598673862763,NA,216,36
"Q4_highest",4,"life_expectancy75_to_79_Male","life_expectancy75_to_79_Male","Male","lagged_unemp","Unemployment rate (%)",0.00087736162715397,0.000940032503453021,-0.000965102079613952,0.00271982533392189,NA,216,36
"Q4_highest",4,"life_expectancy80_to_84_Male","life_expectancy80_to_84_Male","Male","lagged_activity_insourced","In house residential care (%)",-0.000284262014811675,0.000301682760893586,-0.000875560226163104,0.000307036196539754,NA,216,36
"Q4_highest",4,"life_expectancy80_to_84_Male","life_expectancy80_to_84_Male","Male","lagged_activity_total","Total residential care (hrs)",1.04438508840006e-06,5.69672606527896e-07,-7.21732203946172e-08,2.16094339719473e-06,NA,216,36
"Q4_highest",4,"life_expectancy80_to_84_Male","life_expectancy80_to_84_Male","Male","lagged_old_spend","Spend on 65+ social care (£000s)",-5.06999740891436e-09,2.82831383302489e-07,-5.59419508681793e-07,5.49279513863964e-07,NA,216,36
"Q4_highest",4,"life_expectancy80_to_84_Male","life_expectancy80_to_84_Male","Male","lagged_pension_credits","Pension credit spend (£000s)",-2.16404177463654e-10,1.78063105492372e-09,-3.70644104511414e-09,3.27363269018683e-09,NA,216,36
"Q4_highest",4,"life_expectancy80_to_84_Male","life_expectancy80_to_84_Male","Male","lagged_total_pop","Total population (n)",5.39316399112486e-07,1.05312731384069e-06,-1.52481313601527e-06,2.60344593424024e-06,NA,216,36
"Q4_highest",4,"life_expectancy80_to_84_Male","life_expectancy80_to_84_Male","Male","lagged_per_80","Population over 80 (%)",0.00106032843844128,0.00105073475865002,-0.000999111688512759,0.00311976856539531,NA,216,36
"Q4_highest",4,"life_expectancy80_to_84_Male","life_expectancy80_to_84_Male","Male","lagged_unemp","Unemployment rate (%)",-0.000731227293159397,0.00136129729434709,-0.0033993699900797,0.0019369154037609,NA,216,36
"Q4_highest",4,"life_expectancy85_to_89_Male","life_expectancy85_to_89_Male","Male","lagged_activity_insourced","In house residential care (%)",-0.00118188356356834,0.0007015605363243,-0.00255694221476397,0.000193175087627288,NA,216,36
"Q4_highest",4,"life_expectancy85_to_89_Male","life_expectancy85_to_89_Male","Male","lagged_activity_total","Total residential care (hrs)",1.67002771487972e-06,9.36389816177503e-07,-1.6529632482819e-07,3.50535175458762e-06,NA,216,36
"Q4_highest",4,"life_expectancy85_to_89_Male","life_expectancy85_to_89_Male","Male","lagged_old_spend","Spend on 65+ social care (£000s)",1.93291404129378e-07,5.16005405912929e-07,-8.18079191459962e-07,1.20466199971872e-06,NA,216,36
"Q4_highest",4,"life_expectancy85_to_89_Male","life_expectancy85_to_89_Male","Male","lagged_pension_credits","Pension credit spend (£000s)",1.47870163124458e-09,3.0884397577556e-09,-4.57464029395639e-09,7.53204355644555e-09,NA,216,36
"Q4_highest",4,"life_expectancy85_to_89_Male","life_expectancy85_to_89_Male","Male","lagged_total_pop","Total population (n)",3.82650807018938e-07,1.34622465717519e-06,-2.25594952104444e-06,3.02125113508231e-06,NA,216,36
"Q4_highest",4,"life_expectancy85_to_89_Male","life_expectancy85_to_89_Male","Male","lagged_per_80","Population over 80 (%)",0.000546882816110968,0.00178651617904872,-0.00295468889482452,0.00404845452704645,NA,216,36
"Q4_highest",4,"life_expectancy85_to_89_Male","life_expectancy85_to_89_Male","Male","lagged_unemp","Unemployment rate (%)",-0.00271361369429251,0.0023857690991652,-0.0073897211286563,0.00196249374007127,NA,216,36
