Sector,URN,Places,Local.authority,Organisation,Organisation_fame_search,Company.name,Join,Leave,Registered.number
Local Authority,SC059853,6,BOLTON,Bolton Metropolitan Borough Council,Bolton Metropolitan Borough Council,NA,NA,NA,NA
Local Authority,SC040982,5,WIGAN,Wigan Council,Wigan Council,NA,NA,NA,NA
Private,SC480161,6,TAMESIDE,Hexagon Care Services Limited,Hexagon Care Services Limited,HEXAGON CARE SERVICES LIMITED,2014-09-10,NA,08885676
Local Authority,SC051856,4,WIGAN,Wigan Council,Wigan Council,NA,NA,NA,NA
Private,SC062263,1,ROCHDALE,Time-Out Children's Homes Limited,Time-Out childrens Homes Limited,TIMEOUT CHILDRENS HOMES LIMITED,NA,NA,05033530
Local Authority,SC034108,6,TAMESIDE,Tameside Mbc,Tameside Mbc,NA,NA,NA,NA
Local Authority,SC040719,3,BOLTON,Bolton Metropolitan Borough Council,Bolton Metropolitan Borough Council,NA,NA,NA,NA
Local Authority,SC369857,5,BOLTON,Bolton Metropolitan Borough Council,Bolton Metropolitan Borough Council,NA,NA,NA,NA
Private,SC387148,5,TRAFFORD,Fairfield Residential Ltd,Fairfield Residential Ltd,FAIRFIELD RESIDENTIAL LIMITED,NA,NA,06677877
Voluntary,SC025739,4,STOCKPORT,The Together Trust,The Together Trust,THE TOGETHER TRUST,NA,NA,00301722
Local Authority,SC059842,5,BOLTON,Bolton Metropolitan Borough Council,Bolton Metropolitan Borough Council,NA,NA,NA,NA
Local Authority,SC032475,5,TRAFFORD,Trafford Borough Council,Trafford Borough Council,NA,NA,NA,NA
Local Authority,SC040266,5,WIGAN,Wigan Council,Wigan Council,NA,NA,NA,NA
Private,SC456857,1,ROCHDALE,Cambian Childcare Ltd,Cambian Childcare Ltd,CAMBIAN CHILDCARE LIMITED,NA,NA,04280519
Private,SC479654,6,ROCHDALE,Hexagon Care Services Limited,Hexagon Care Services Limited,HEXAGON CARE SERVICES LIMITED,2014-09-05,NA,08885676
Private,SC356864,2,BURY,Time-Out Childrens Homes Limited,Time-Out Childrens Homes Limited,TIMEOUT CHILDRENS HOMES LIMITED,NA,NA,05033530
Private,SC389823,5,BOLTON,Courtyard Care Limited,Courtyard Care Limited,COURTYARD CARE LIMITED,NA,NA,04945227
Private,SC021677,4,MANCHESTER,The Partnership of Care Today Children's Services,Care Today Childrens Services childrens Services,NA,NA,NA,NA
Local Authority,SC040926,6,WIGAN,Wigan Council,Wigan Council,NA,NA,NA,NA
Private,SC411825,2,WIGAN,Inspire Childrens Services Limited,Inspire Childrens Services Limited,INSPIRE CHILDRENS SERVICES LIMITED,NA,NA,06968122
Private,SC008488,8,STOCKPORT,Halliwell Homes Limited,Halliwell Homes Limited,HALLIWELL HOMES LIMITED,NA,NA,03681826
Local Authority,SC065067,5,SALFORD,Salford City Council,Salford City Council,NA,NA,NA,NA
Private,SC451174,2,MANCHESTER,Cambian Childcare Ltd,Cambian Childcare Ltd,CAMBIAN CHILDCARE LIMITED,NA,NA,04280519
Private,SC005751,1,WIGAN,Doncaster Deaf Trust,Doncaster Deaf Trust,DONCASTER DEAF TRUST,NA,NA,04105045
Private,SC035657,7,OLDHAM,Cambian Childcare Ltd,Cambian Childcare Ltd,CAMBIAN CHILDCARE LIMITED,NA,NA,04280519
Voluntary,SC025714,5,STOCKPORT,The Together Trust,The Together Trust,THE TOGETHER TRUST,NA,NA,00301722
Local Authority,SC035492,5,OLDHAM,Oldham Metropolitan Borough Council,Oldham Metropolitan Borough Council,NA,NA,NA,NA
Local Authority,SC394283,5,SALFORD,Salford City Council,Salford City Council,NA,NA,NA,NA
Private,SC394463,3,STOCKPORT,Cornerstone Children's Homes Limited,Cornerstone childrens Homes Limited,CORNERSTONE CHILDREN'S HOMES LIMITED,NA,NA,06681557
Private,SC477939,2,ROCHDALE,Meadows Care Ltd,Meadows Care Ltd,MEADOWS CARE LIMITED,2014-06-03,NA,05087886
Private,SC008487,6,STOCKPORT,The Partnership of Care Today Children's Services,Care Today Childrens Services childrens Services,NA,NA,NA,NA
Private,SC446325,2,MANCHESTER,Cambian Childcare Ltd,Cambian Childcare Ltd,CAMBIAN CHILDCARE LIMITED,NA,NA,04280519
Private,SC021683,4,MANCHESTER,The Partnership of Care Today Children's Services,Care Today Childrens Services childrens Services,NA,NA,NA,NA
Voluntary,SC035518,28,STOCKPORT,Sea Shell Trust Limited,Sea Shell Trust Limited,SEASHELL TRUST,NA,NA,04216714
Private,SC479647,6,WIGAN,Hexagon Care Services Limited,Hexagon Care Services Limited,HEXAGON CARE SERVICES LIMITED,2014-10-08,NA,08885676
Private,SC456542,1,ROCHDALE,Cambian Childcare Ltd,Cambian Childcare Ltd,CAMBIAN CHILDCARE LIMITED,NA,NA,04280519
Private,SC043972,5,MANCHESTER,Cambian Childcare Ltd,Cambian Childcare Ltd,CAMBIAN CHILDCARE LIMITED,NA,NA,04280519
Private,SC066072,3,OLDHAM,Meadows Care Ltd,Meadows Care Ltd,MEADOWS CARE LIMITED,NA,NA,05087886
Private,SC456532,2,ROCHDALE,Cambian Childcare Ltd,Cambian Childcare Ltd,CAMBIAN CHILDCARE LIMITED,NA,NA,04280519
Voluntary,SC413985,4,SALFORD,The Together Trust,The Together Trust,THE TOGETHER TRUST,NA,NA,00301722
Private,SC400355,3,STOCKPORT,Social Care Services (clayton) Limited,Social Care Services (clayton) Limited,SOCIAL CARE SERVICES (CLAYTON) LIMITED,NA,NA,04460745
Private,SC430239,5,TAMESIDE,Cambian Childcare Ltd,Cambian Childcare Ltd,CAMBIAN CHILDCARE LIMITED,NA,NA,04280519
Private,SC420388,4,BURY,Alliance Care & Education Limited,Alliance Care & Education Limited,KEYS ACE LIMITED,NA,NA,05556312
Private,SC396104,6,TAMESIDE,Full Circle Care,Full Circle Care,FULL CIRCLE CARE LTD,NA,NA,06610632
Voluntary,SC025740,6,STOCKPORT,The Together Trust,The Together Trust,THE TOGETHER TRUST,NA,NA,00301722
Private,SC411030,3,ROCHDALE,Meadows Care Ltd,Meadows Care Ltd,MEADOWS CARE LIMITED,NA,NA,05087886
Voluntary,SC025715,3,STOCKPORT,The Together Trust,The Together Trust,THE TOGETHER TRUST,NA,NA,00301722
Private,SC477726,2,WIGAN,Crystal Care Solutions Limited Company Number 05952454,Crystal Care Solutions Limited,CRYSTAL CARE SOLUTIONS LIMITED,2014-07-18,NA,05952454
Private,SC005553,7,OLDHAM,Dalepeak Limited,Dalepeak Limited,DALEPEAK LIMITED,NA,NA,03612944
Private,SC043697,7,TAMESIDE,Halliwell Homes Limited,Halliwell Homes Limited,HALLIWELL HOMES LIMITED,NA,NA,03681826
Local Authority,SC357979,3,TAMESIDE,Tameside Mbc,Tameside Mbc,NA,NA,NA,NA
Private,SC456418,1,ROCHDALE,Cambian Childcare Ltd,Cambian Childcare Ltd,CAMBIAN CHILDCARE LIMITED,NA,NA,04280519
Local Authority,SC040733,4,SALFORD,Salford City Council,Salford City Council,NA,NA,NA,NA
Private,SC413779,2,ROCHDALE,Aspire Child Care Ltd,Aspire Child Care Ltd,ASPIRE CHILD CARE LTD,NA,NA,06984654
Voluntary,SC025712,2,STOCKPORT,The Together Trust,The Together Trust,THE TOGETHER TRUST,NA,NA,00301722
Local Authority,SC032496,6,TRAFFORD,Trafford Borough Council,Trafford Borough Council,NA,NA,NA,NA
Private,SC066560,2,ROCHDALE,Meadows Care Ltd,Meadows Care Ltd,MEADOWS CARE LIMITED,NA,NA,05087886
Private,SC065189,2,ROCHDALE,Meadows Care Ltd,Meadows Care Ltd,MEADOWS CARE LIMITED,NA,NA,05087886
Private,SC456419,1,ROCHDALE,Cambian Childcare Ltd,Cambian Childcare Ltd,CAMBIAN CHILDCARE LIMITED,NA,NA,04280519
Private,SC067899,7,OLDHAM,Cambian Childcare Ltd,Cambian Childcare Ltd,CAMBIAN CHILDCARE LIMITED,NA,NA,04280519
Local Authority,SC035339,6,OLDHAM,Oldham Metropolitan Borough Council,Oldham Metropolitan Borough Council,NA,NA,NA,NA
Local Authority,SC034012,3,TAMESIDE,Tameside Mbc,Tameside Mbc,NA,NA,NA,NA
Private,SC366343,4,TAMESIDE,Maple Leaf Care Limited,Maple Leaf Care Limited,MAPLE LEAF CARE LIMITED,NA,NA,05951541
Local Authority,SC040511,5,SALFORD,Salford City Council,Salford City Council,NA,NA,NA,NA
Private,SC456850,1,ROCHDALE,Cambian Childcare Ltd,Cambian Childcare Ltd,CAMBIAN CHILDCARE LIMITED,NA,NA,04280519
Private,SC412687,3,SALFORD,Social Care Services (clayton) Limited,Social Care Services (clayton) Limited,SOCIAL CARE SERVICES (CLAYTON) LIMITED,NA,NA,04460745
Private,SC356817,4,OLDHAM,Lifetime Opportunities Ltd,Lifetime Opportunities Ltd,LIFETIME OPPORTUNITIES LTD,NA,NA,05040885
Private,SC062309,6,TAMESIDE,Courtyard Care Limited,Courtyard Care Limited,COURTYARD CARE LIMITED,NA,NA,04945227
Local Authority,SC063683,6,MANCHESTER,Manchester City Council,Manchester City Council,NA,NA,NA,NA
Voluntary,SC025713,2,STOCKPORT,The Together Trust,The Together Trust,THE TOGETHER TRUST,NA,NA,00301722
Local Authority,SC039070,5,STOCKPORT,Stockport Council,Stockport Council,NA,NA,NA,NA
Private,SC456416,1,ROCHDALE,Cambian Childcare Ltd,Cambian Childcare Ltd,CAMBIAN CHILDCARE LIMITED,NA,NA,04280519
Local Authority,SC040509,3,SALFORD,Salford City Council,Salford City Council,NA,NA,NA,NA
Voluntary,SC057718,5,BOLTON,The Together Trust,The Together Trust,THE TOGETHER TRUST,NA,NA,00301722
Private,SC456409,1,ROCHDALE,Cambian Childcare Ltd,Cambian Childcare Ltd,CAMBIAN CHILDCARE LIMITED,NA,NA,04280519
Private,SC378407,2,ROCHDALE,Time-Out Childrens Homes Limited,Time-Out Childrens Homes Limited,TIMEOUT CHILDRENS HOMES LIMITED,NA,NA,05033530
Private,SC005589,2,TAMESIDE,The Partnership of Care Today Children's Services,Care Today Childrens Services childrens Services,NA,NA,NA,NA
Private,SC372117,2,ROCHDALE,Meadows Care Ltd,Meadows Care Ltd,MEADOWS CARE LIMITED,NA,NA,05087886
Private,SC442864,2,ROCHDALE,Meadows Care Ltd,Meadows Care Ltd,MEADOWS CARE LIMITED,NA,NA,05087886
Private,SC390577,2,ROCHDALE,Meadows Care Ltd,Meadows Care Ltd,MEADOWS CARE LIMITED,NA,NA,05087886
Private,SC008484,6,STOCKPORT,,,NA,NA,NA,NA
Voluntary,SC397344,4,BOLTON,Birtenshaw - company number 02978546,Birtenshaw,BIRTENSHAW,NA,NA,02978546
Private,SC416464,2,ROCHDALE,Meadows Care Ltd,Meadows Care Ltd,MEADOWS CARE LIMITED,NA,NA,05087886
Private,SC361811,2,ROCHDALE,Meadows Care Ltd,Meadows Care Ltd,MEADOWS CARE LIMITED,NA,NA,05087886
Voluntary,SC373044,4,BOLTON,Birtenshaw - company number 02978546,Birtenshaw,BIRTENSHAW,NA,NA,02978546
Local Authority,SC064858,4,SALFORD,Salford City Council,Salford City Council,NA,NA,NA,NA
Private,SC456539,1,BOLTON,Cambian Childcare Ltd,Cambian Childcare Ltd,CAMBIAN CHILDCARE LIMITED,NA,NA,04280519
Private,SC064428,4,WIGAN,Active 8 Care Ltd,Active 8 Care Ltd,KEYS ACTIVE 8 CARE LIMITED,NA,NA,05107898
Private,SC064836,2,ROCHDALE,Meadows Care Ltd,Meadows Care Ltd,MEADOWS CARE LIMITED,NA,NA,05087886
Private,SC008607,2,STOCKPORT,The Partnership of Care Today Children's Services,Care Today Childrens Services childrens Services,NA,NA,NA,NA
Voluntary,SC025747,3,STOCKPORT,The Together Trust,The Together Trust,THE TOGETHER TRUST,NA,NA,00301722
Private,SC064666,2,MANCHESTER,Cambian Childcare Ltd,Cambian Childcare Ltd,CAMBIAN CHILDCARE LIMITED,NA,NA,04280519
Private,SC008490,4,STOCKPORT,Stepping Stones Children's Services Limited,Stepping Stones childrens Services Limited,STEPPING STONES CHILDREN'S SERVICES LTD,NA,NA,15399498
Private,SC416267,2,ROCHDALE,Time-Out Childrens Homes Limited,Time-Out Childrens Homes Limited,TIMEOUT CHILDRENS HOMES LIMITED,NA,NA,05033530
Local Authority,SC034922,4,ROCHDALE,Rochdale Metropolitan Borough Council,Rochdale Metropolitan Borough Council,NA,NA,NA,NA
Private,SC472680,5,MANCHESTER,New Horizons (stockport) Ltd,New Horizons (stockport) Ltd,NEW HORIZONS (STOCKPORT) LTD,NA,NA,03431532
Private,SC357133,3,STOCKPORT,Social Care Services (clayton) Limited,Social Care Services (clayton) Limited,SOCIAL CARE SERVICES (CLAYTON) LIMITED,NA,NA,04460745
Local Authority,SC040723,4,BOLTON,Bolton Metropolitan Borough Council,Bolton Metropolitan Borough Council,NA,NA,NA,NA
Private,SC473473,3,ROCHDALE,Nestlings Care Ltd,Nestlings Care Ltd,NESTLINGS CARE LTD,NA,NA,07252721
Private,SC021679,4,MANCHESTER,The Partnership of Care Today Children's Services,Care Today Childrens Services childrens Services,NA,NA,NA,NA
Private,SC008486,6,STOCKPORT,The Partnership of Care Today Children's Services,Care Today Childrens Services childrens Services,NA,NA,NA,NA
Private,SC008600,6,STOCKPORT,New Horizons (stockport) Ltd,New Horizons (stockport) Ltd,NEW HORIZONS (STOCKPORT) LTD,NA,NA,03431532
Private,SC394478,3,STOCKPORT,Cornerstone Children's Homes Limited,Cornerstone childrens Homes Limited,CORNERSTONE CHILDREN'S HOMES LIMITED,NA,NA,06681557
Private,SC069198,3,BURY,Meadows Care Ltd,Meadows Care Ltd,MEADOWS CARE LIMITED,NA,NA,05087886
Private,SC407169,4,STOCKPORT,Choices Home For Children Limited,Choices Home For Children Limited,CHOICES HOME FOR CHILDREN LIMITED,NA,NA,04211653
Private,SC456413,1,ROCHDALE,Cambian Childcare Ltd,Cambian Childcare Ltd,CAMBIAN CHILDCARE LIMITED,NA,NA,04280519
Voluntary,SC470797,4,BOLTON,Birtenshaw - company number 02978546,Birtenshaw,BIRTENSHAW,NA,NA,02978546
Private,SC064530,2,OLDHAM,Time-Out Children's Homes Limited,Time-Out childrens Homes Limited,TIMEOUT CHILDRENS HOMES LIMITED,NA,NA,05033530
Private,SC069176,4,TAMESIDE,Oakfields Children's Care Limited,Oakfields childrens Care Limited,OAKFIELDS CHILDREN'S CARE LIMITED,NA,NA,05425280
Voluntary,SC008575,5,STOCKPORT,The Together Trust,The Together Trust,THE TOGETHER TRUST,NA,NA,00301722
Private,SC357468,1,ROCHDALE,Time-Out Childrens Homes Limited,Time-Out Childrens Homes Limited,TIMEOUT CHILDRENS HOMES LIMITED,NA,NA,05033530
Private,SC386837,2,STOCKPORT,New Horizons (stockport) Ltd,New Horizons (stockport) Ltd,NEW HORIZONS (STOCKPORT) LTD,NA,NA,03431532
Private,SC065072,2,ROCHDALE,Time-Out Children's Homes Limited,Time-Out childrens Homes Limited,TIMEOUT CHILDRENS HOMES LIMITED,NA,NA,05033530
Private,SC065374,5,STOCKPORT,Care Haven (UK) Ltd,Care Haven (UK) Ltd,CARE HAVEN (UK) LTD,NA,NA,03762420
Local Authority,SC034851,5,ROCHDALE,Rochdale Metropolitan Borough Council,Rochdale Metropolitan Borough Council,NA,NA,NA,NA
Private,SC456543,1,ROCHDALE,Cambian Childcare Ltd,Cambian Childcare Ltd,CAMBIAN CHILDCARE LIMITED,NA,NA,04280519
Local Authority,SC387671,6,OLDHAM,Oldham Metropolitan Borough Council,Oldham Metropolitan Borough Council,NA,NA,NA,NA
Private,SC439116,2,TRAFFORD,Aspireone Care Ltd,Aspireone Care Ltd,ASPIREONE CARE LIMITED,NA,NA,07483842
Private,SC005567,4,TAMESIDE,Stepping Stones Children's Services Limited,Stepping Stones childrens Services Limited,STEPPING STONES CHILDREN'S SERVICES LTD,NA,NA,15399498
Private,SC428599,5,SALFORD,Courtyard Care Limited,Courtyard Care Limited,COURTYARD CARE LIMITED,NA,NA,04945227
Private,SC436559,5,STOCKPORT,Choices Home For Children Limited,Choices Home For Children Limited,CHOICES HOME FOR CHILDREN LIMITED,NA,NA,04211653
Private,SC008485,6,STOCKPORT,Choices Home For Children Limited,Choices Home For Children Limited,CHOICES HOME FOR CHILDREN LIMITED,NA,NA,04211653
Private,SC403464,2,ROCHDALE,Aspire Child Care Ltd,Aspire Child Care Ltd,ASPIRE CHILD CARE LTD,NA,NA,06984654
Private,SC021684,6,MANCHESTER,Social Care Services Limited,Social Care Services Limited,SOCIAL CARE SERVICES LIMITED,NA,NA,02428089
Local Authority,SC040500,24,SALFORD,Salford City Council,Salford City Council,NA,NA,NA,NA
Voluntary,SC025744,6,STOCKPORT,The Together Trust,The Together Trust,THE TOGETHER TRUST,NA,NA,00301722
Voluntary,SC467796,3,BOLTON,Birtenshaw - company number 02978546,Birtenshaw,BIRTENSHAW,NA,NA,02978546
Private,SC008608,2,STOCKPORT,The Partnership of Care Today Children's Services,Care Today Childrens Services childrens Services,NA,NA,NA,NA
Voluntary,SC025745,5,STOCKPORT,The Together Trust,The Together Trust,THE TOGETHER TRUST,NA,NA,00301722
Private,SC049189,3,ROCHDALE,The Partnership of Care Today Children's Services,Care Today Childrens Services childrens Services,NA,NA,NA,NA
Private,SC008608,2,STOCKPORT,The Partnership of Care Today Children's Services,Care Today Childrens Services childrens Services,NA,NA,NA,NA
Private,SC021684,6,MANCHESTER,Social Care Services Limited,Social Care Services Limited,SOCIAL CARE SERVICES LIMITED,NA,NA,02428089
Voluntary,SC025740,6,STOCKPORT,The Together Trust,The Together Trust,THE TOGETHER TRUST,NA,NA,00301722
Private,SC005553,7,OLDHAM,Dalepeak Limited,Dalepeak Limited,DALEPEAK LIMITED,NA,NA,03612944
Private,SC008488,8,STOCKPORT,Halliwell Homes Limited,Halliwell Homes Limited,HALLIWELL HOMES LIMITED,NA,NA,03681826
Private,SC021677,4,MANCHESTER,The Partnership of Care Today Children's Services,Care Today Childrens Services childrens Services,NA,NA,NA,NA
Voluntary,SC025739,4,STOCKPORT,The Together Trust,The Together Trust,THE TOGETHER TRUST,NA,NA,00301722
Local Authority,SC032496,6,TRAFFORD,Trafford Borough Council,Trafford Borough Council,NA,NA,NA,NA
Private,SC005567,4,TAMESIDE,Stepping Stones Children's Services Limited,Stepping Stones childrens Services Limited,STEPPING STONES CHILDREN'S SERVICES LTD,NA,NA,15399498
Private,SC008485,6,STOCKPORT,Choices Home For Children Limited,Choices Home For Children Limited,CHOICES HOME FOR CHILDREN LIMITED,NA,NA,04211653
Voluntary,SC025712,2,STOCKPORT,The Together Trust,The Together Trust,THE TOGETHER TRUST,NA,NA,00301722
Voluntary,SC025714,5,STOCKPORT,The Together Trust,The Together Trust,THE TOGETHER TRUST,NA,NA,00301722
Voluntary,SC025715,3,STOCKPORT,The Together Trust,The Together Trust,THE TOGETHER TRUST,NA,NA,00301722
Voluntary,SC025747,3,STOCKPORT,The Together Trust,The Together Trust,THE TOGETHER TRUST,NA,NA,00301722
Local Authority,SC034012,3,TAMESIDE,Tameside Mbc,Tameside Mbc,NA,NA,NA,NA
Local Authority,SC034851,5,ROCHDALE,Rochdale Metropolitan Borough Council,Rochdale Metropolitan Borough Council,NA,NA,NA,NA
Local Authority,SC040511,5,SALFORD,Salford City Council,Salford City Council,NA,NA,NA,NA
Local Authority,SC040723,4,BOLTON,Bolton Metropolitan Borough Council,Bolton Metropolitan Borough Council,NA,NA,NA,NA
Local Authority,SC059853,6,BOLTON,Bolton Metropolitan Borough Council,Bolton Metropolitan Borough Council,NA,NA,NA,NA
Private,SC062263,1,ROCHDALE,Time-Out Children's Homes Limited,Time-Out childrens Homes Limited,TIMEOUT CHILDRENS HOMES LIMITED,NA,NA,05033530
Private,1155775,3,MANCHESTER,Cambian Childcare Ltd,Cambian Childcare Ltd,CAMBIAN CHILDCARE LIMITED,2015-09-24,NA,04280519
Private,SC008487,6,STOCKPORT,The Partnership of Care Today Children's Services,Care Today Childrens Services childrens Services,NA,NA,NA,NA
Private,SC008490,4,STOCKPORT,Stepping Stones Children's Services Limited,Stepping Stones childrens Services Limited,STEPPING STONES CHILDREN'S SERVICES LTD,NA,NA,15399498
Voluntary,SC025745,5,STOCKPORT,The Together Trust,The Together Trust,THE TOGETHER TRUST,NA,NA,00301722
Local Authority,SC040500,24,SALFORD,Salford City Council,Salford City Council,NA,NA,NA,NA
Private,SC049189,3,ROCHDALE,The Partnership of Care Today Children's Services,Care Today Childrens Services childrens Services,NA,NA,NA,NA
Private,SC064666,2,MANCHESTER,Cambian Childcare Ltd,Cambian Childcare Ltd,CAMBIAN CHILDCARE LIMITED,NA,NA,04280519
Voluntary,SC025744,6,STOCKPORT,The Together Trust,The Together Trust,THE TOGETHER TRUST,NA,NA,00301722
Private,SC043972,5,MANCHESTER,Cambian Childcare Ltd,Cambian Childcare Ltd,CAMBIAN CHILDCARE LIMITED,NA,NA,04280519
Local Authority,SC059842,5,BOLTON,Bolton Metropolitan Borough Council,Bolton Metropolitan Borough Council,NA,NA,NA,NA
Private,SC005589,2,TAMESIDE,The Partnership of Care Today Children's Services,Care Today Childrens Services childrens Services,NA,NA,NA,NA
Private,SC005751,1,WIGAN,Doncaster Deaf Trust,Doncaster Deaf Trust,DONCASTER DEAF TRUST,NA,NA,04105045
Private,SC008484,6,STOCKPORT,,,NA,NA,NA,NA
Private,SC008486,6,STOCKPORT,The Partnership of Care Today Children's Services,Care Today Childrens Services childrens Services,NA,NA,NA,NA
Private,SC021683,4,MANCHESTER,The Partnership of Care Today Children's Services,Care Today Childrens Services childrens Services,NA,NA,NA,NA
Private,SC361811,2,ROCHDALE,Meadows Care Ltd,Meadows Care Ltd,MEADOWS CARE LIMITED,NA,NA,05087886
Private,SC412687,3,SALFORD,Social Care Services (clayton) Limited,Social Care Services (clayton) Limited,SOCIAL CARE SERVICES (CLAYTON) LIMITED,NA,NA,04460745
Private,SC413779,2,ROCHDALE,Aspire Child Care Ltd,Aspire Child Care Ltd,ASPIRE CHILD CARE LTD,NA,NA,06984654
Private,SC430239,5,TAMESIDE,Cambian Childcare Ltd,Cambian Childcare Ltd,CAMBIAN CHILDCARE LIMITED,NA,NA,04280519
Private,SC456409,1,ROCHDALE,Cambian Childcare Ltd,Cambian Childcare Ltd,CAMBIAN CHILDCARE LIMITED,NA,NA,04280519
Private,SC456416,1,ROCHDALE,Cambian Childcare Ltd,Cambian Childcare Ltd,CAMBIAN CHILDCARE LIMITED,NA,NA,04280519
Private,SC456419,1,ROCHDALE,Cambian Childcare Ltd,Cambian Childcare Ltd,CAMBIAN CHILDCARE LIMITED,NA,NA,04280519
Private,SC456543,1,ROCHDALE,Cambian Childcare Ltd,Cambian Childcare Ltd,CAMBIAN CHILDCARE LIMITED,NA,NA,04280519
Local Authority,SC039070,5,STOCKPORT,Stockport Council,Stockport Council,NA,NA,NA,NA
Local Authority,SC040926,6,WIGAN,Wigan Council,Wigan Council,NA,NA,NA,NA
Private,SC069176,4,TAMESIDE,Oakfields Children's Care Limited,Oakfields childrens Care Limited,OAKFIELDS CHILDREN'S CARE LIMITED,NA,NA,05425280
Local Authority,SC357979,3,TAMESIDE,Tameside Mbc,Tameside Mbc,NA,NA,NA,NA
Local Authority,SC369857,5,BOLTON,Bolton Metropolitan Borough Council,Bolton Metropolitan Borough Council,NA,NA,NA,NA
Private,SC372117,2,ROCHDALE,Meadows Care Ltd,Meadows Care Ltd,MEADOWS CARE LIMITED,NA,NA,05087886
Local Authority,SC387671,6,OLDHAM,Oldham Metropolitan Borough Council,Oldham Metropolitan Borough Council,NA,NA,NA,NA
Private,SC403464,2,ROCHDALE,Aspire Child Care Ltd,Aspire Child Care Ltd,ASPIRE CHILD CARE LTD,NA,NA,06984654
Private,SC411825,2,WIGAN,Inspire Childrens Services Limited,Inspire Childrens Services Limited,INSPIRE CHILDRENS SERVICES LIMITED,NA,NA,06968122
Private,SC420388,4,BURY,Alliance Care & Education Limited,Alliance Care & Education Limited,KEYS ACE LIMITED,NA,NA,05556312
Private,SC428599,5,SALFORD,Courtyard Care Limited,Courtyard Care Limited,COURTYARD CARE LIMITED,NA,NA,04945227
Private,SC442864,2,ROCHDALE,Meadows Care Ltd,Meadows Care Ltd,MEADOWS CARE LIMITED,NA,NA,05087886
Private,SC451174,2,MANCHESTER,Cambian Childcare Ltd,Cambian Childcare Ltd,CAMBIAN CHILDCARE LIMITED,NA,NA,04280519
Private,SC456418,1,ROCHDALE,Cambian Childcare Ltd,Cambian Childcare Ltd,CAMBIAN CHILDCARE LIMITED,NA,NA,04280519
Local Authority,SC034922,4,ROCHDALE,Rochdale Metropolitan Borough Council,Rochdale Metropolitan Borough Council,NA,NA,NA,NA
Local Authority,SC040266,5,WIGAN,Wigan Council,Wigan Council,NA,NA,NA,NA
Local Authority,SC040509,3,SALFORD,Salford City Council,Salford City Council,NA,NA,NA,NA
Local Authority,SC040982,5,WIGAN,Wigan Council,Wigan Council,NA,NA,NA,NA
Local Authority,SC051856,4,WIGAN,Wigan Council,Wigan Council,NA,NA,NA,NA
Private,SC064428,4,WIGAN,Active 8 Care Ltd,Active 8 Care Ltd,KEYS ACTIVE 8 CARE LIMITED,NA,NA,05107898
Private,SC066560,2,ROCHDALE,Meadows Care Ltd,Meadows Care Ltd,MEADOWS CARE LIMITED,NA,NA,05087886
Private,SC069198,3,BURY,Meadows Care Ltd,Meadows Care Ltd,MEADOWS CARE LIMITED,NA,NA,05087886
Private,SC389823,5,BOLTON,Courtyard Care Limited,Courtyard Care Limited,COURTYARD CARE LIMITED,NA,NA,04945227
Local Authority,SC035339,6,OLDHAM,Oldham Metropolitan Borough Council,Oldham Metropolitan Borough Council,NA,NA,NA,NA
Private,SC035657,7,OLDHAM,Cambian Childcare Ltd,Cambian Childcare Ltd,CAMBIAN CHILDCARE LIMITED,NA,NA,04280519
Local Authority,SC040733,4,SALFORD,Salford City Council,Salford City Council,NA,NA,NA,NA
Local Authority,SC063683,6,MANCHESTER,Manchester City Council,Manchester City Council,NA,NA,NA,NA
Voluntary,SC467796,3,BOLTON,Birtenshaw - company number 02978546,Birtenshaw,BIRTENSHAW,NA,NA,02978546
Private,SC482410,2,WIGAN,Inspire Childrens Services Limited,Inspire Childrens Services Limited,INSPIRE CHILDRENS SERVICES LIMITED,2014-11-12,NA,06968122
Private,SC065072,2,ROCHDALE,Time-Out Children's Homes Limited,Time-Out childrens Homes Limited,TIMEOUT CHILDRENS HOMES LIMITED,NA,NA,05033530
Private,SC357468,1,ROCHDALE,Time-Out Childrens Homes Limited,Time-Out Childrens Homes Limited,TIMEOUT CHILDRENS HOMES LIMITED,NA,NA,05033530
Private,SC366343,4,TAMESIDE,Maple Leaf Care Limited,Maple Leaf Care Limited,MAPLE LEAF CARE LIMITED,NA,NA,05951541
Voluntary,SC373044,4,BOLTON,Birtenshaw - company number 02978546,Birtenshaw,BIRTENSHAW,NA,NA,02978546
Local Authority,SC394283,5,SALFORD,Salford City Council,Salford City Council,NA,NA,NA,NA
Private,SC411030,3,ROCHDALE,Meadows Care Ltd,Meadows Care Ltd,MEADOWS CARE LIMITED,NA,NA,05087886
Private,SC416267,2,ROCHDALE,Time-Out Childrens Homes Limited,Time-Out Childrens Homes Limited,TIMEOUT CHILDRENS HOMES LIMITED,NA,NA,05033530
Private,SC446325,2,MANCHESTER,Cambian Childcare Ltd,Cambian Childcare Ltd,CAMBIAN CHILDCARE LIMITED,NA,NA,04280519
Private,SC008600,6,STOCKPORT,New Horizons (stockport) Ltd,New Horizons (stockport) Ltd,NEW HORIZONS (STOCKPORT) LTD,NA,NA,03431532
Voluntary,SC008575,5,STOCKPORT,The Together Trust,The Together Trust,THE TOGETHER TRUST,NA,NA,00301722
Private,SC008607,2,STOCKPORT,The Partnership of Care Today Children's Services,Care Today Childrens Services childrens Services,NA,NA,NA,NA
Private,SC021679,4,MANCHESTER,The Partnership of Care Today Children's Services,Care Today Childrens Services childrens Services,NA,NA,NA,NA
Voluntary,SC025713,2,STOCKPORT,The Together Trust,The Together Trust,THE TOGETHER TRUST,NA,NA,00301722
Local Authority,SC032475,5,TRAFFORD,Trafford Borough Council,Trafford Borough Council,NA,NA,NA,NA
Private,SC472680,5,MANCHESTER,New Horizons (stockport) Ltd,New Horizons (stockport) Ltd,NEW HORIZONS (STOCKPORT) LTD,NA,NA,03431532
Private,SC479647,6,WIGAN,Hexagon Care Services Limited,Hexagon Care Services Limited,HEXAGON CARE SERVICES LIMITED,2014-10-08,NA,08885676
Voluntary,SC483533,3,BOLTON,Birtenshaw - company number 02978546,Birtenshaw,BIRTENSHAW,2015-01-27,NA,02978546
Private,SC064836,2,ROCHDALE,Meadows Care Ltd,Meadows Care Ltd,MEADOWS CARE LIMITED,NA,NA,05087886
Local Authority,SC064858,4,SALFORD,Salford City Council,Salford City Council,NA,NA,NA,NA
Local Authority,SC065067,5,SALFORD,Salford City Council,Salford City Council,NA,NA,NA,NA
Private,SC357133,3,STOCKPORT,Social Care Services (clayton) Limited,Social Care Services (clayton) Limited,SOCIAL CARE SERVICES (CLAYTON) LIMITED,NA,NA,04460745
Private,SC386837,2,STOCKPORT,New Horizons (stockport) Ltd,New Horizons (stockport) Ltd,NEW HORIZONS (STOCKPORT) LTD,NA,NA,03431532
Private,SC394463,3,STOCKPORT,Cornerstone Children's Homes Limited,Cornerstone childrens Homes Limited,CORNERSTONE CHILDREN'S HOMES LIMITED,NA,NA,06681557
Private,SC394478,3,STOCKPORT,Cornerstone Children's Homes Limited,Cornerstone childrens Homes Limited,CORNERSTONE CHILDREN'S HOMES LIMITED,NA,NA,06681557
Private,SC439116,2,TRAFFORD,Aspireone Care Ltd,Aspireone Care Ltd,ASPIREONE CARE LIMITED,NA,NA,07483842
Private,SC356864,2,BURY,Time-Out Childrens Homes Limited,Time-Out Childrens Homes Limited,TIMEOUT CHILDRENS HOMES LIMITED,NA,NA,05033530
Private,SC390577,2,ROCHDALE,Meadows Care Ltd,Meadows Care Ltd,MEADOWS CARE LIMITED,NA,NA,05087886
Private,SC396104,6,TAMESIDE,Full Circle Care,Full Circle Care,FULL CIRCLE CARE LTD,NA,NA,06610632
Private,SC407169,4,STOCKPORT,Choices Home For Children Limited,Choices Home For Children Limited,CHOICES HOME FOR CHILDREN LIMITED,NA,NA,04211653
Voluntary,SC413985,4,SALFORD,The Together Trust,The Together Trust,THE TOGETHER TRUST,NA,NA,00301722
Private,SC436559,5,STOCKPORT,Choices Home For Children Limited,Choices Home For Children Limited,CHOICES HOME FOR CHILDREN LIMITED,NA,NA,04211653
Voluntary,SC035518,28,STOCKPORT,Sea Shell Trust Limited,Sea Shell Trust Limited,SEASHELL TRUST,NA,NA,04216714
Private,SC067899,7,OLDHAM,Cambian Childcare Ltd,Cambian Childcare Ltd,CAMBIAN CHILDCARE LIMITED,NA,NA,04280519
Private,SC456857,1,ROCHDALE,Cambian Childcare Ltd,Cambian Childcare Ltd,CAMBIAN CHILDCARE LIMITED,NA,NA,04280519
Private,SC479650,6,ROCHDALE,Hexagon Care Services Limited,Hexagon Care Services Limited,HEXAGON CARE SERVICES LIMITED,2014-10-08,NA,08885676
Local Authority,SC034108,6,TAMESIDE,Tameside Mbc,Tameside Mbc,NA,NA,NA,NA
Local Authority,SC035492,5,OLDHAM,Oldham Metropolitan Borough Council,Oldham Metropolitan Borough Council,NA,NA,NA,NA
Local Authority,SC040719,3,BOLTON,Bolton Metropolitan Borough Council,Bolton Metropolitan Borough Council,NA,NA,NA,NA
Private,SC043697,7,TAMESIDE,Halliwell Homes Limited,Halliwell Homes Limited,HALLIWELL HOMES LIMITED,NA,NA,03681826
Private,SC051739,3,BOLTON,Pathway Care Solutions Ii Ltd,Pathway Care Solutions Ii Ltd,PATHWAY CARE SOLUTIONS II LIMITED,NA,NA,05047496
Voluntary,SC057718,5,BOLTON,The Together Trust,The Together Trust,THE TOGETHER TRUST,NA,NA,00301722
Private,SC062309,6,TAMESIDE,Courtyard Care Limited,Courtyard Care Limited,COURTYARD CARE LIMITED,NA,NA,04945227
Private,SC064530,2,OLDHAM,Time-Out Children's Homes Limited,Time-Out childrens Homes Limited,TIMEOUT CHILDRENS HOMES LIMITED,NA,NA,05033530
Private,SC065189,2,ROCHDALE,Meadows Care Ltd,Meadows Care Ltd,MEADOWS CARE LIMITED,NA,NA,05087886
Private,SC065374,5,STOCKPORT,Care Haven (UK) Ltd,Care Haven (UK) Ltd,CARE HAVEN (UK) LTD,NA,NA,03762420
Private,SC456539,1,BOLTON,Cambian Childcare Ltd,Cambian Childcare Ltd,CAMBIAN CHILDCARE LIMITED,NA,NA,04280519
Private,SC483828,6,STOCKPORT,Care Haven (UK) Ltd,Care Haven (UK) Ltd,CARE HAVEN (UK) LTD,2014-12-04,NA,03762420
Private,SC356817,4,OLDHAM,Lifetime Opportunities Ltd,Lifetime Opportunities Ltd,LIFETIME OPPORTUNITIES LTD,NA,NA,05040885
Private,SC378407,2,ROCHDALE,Time-Out Childrens Homes Limited,Time-Out Childrens Homes Limited,TIMEOUT CHILDRENS HOMES LIMITED,NA,NA,05033530
Private,SC387148,5,TRAFFORD,Fairfield Residential Ltd,Fairfield Residential Ltd,FAIRFIELD RESIDENTIAL LIMITED,NA,NA,06677877
Private,SC416464,2,ROCHDALE,Meadows Care Ltd,Meadows Care Ltd,MEADOWS CARE LIMITED,NA,NA,05087886
Private,SC066072,3,OLDHAM,Meadows Care Ltd,Meadows Care Ltd,MEADOWS CARE LIMITED,NA,NA,05087886
Voluntary,SC397344,4,BOLTON,Birtenshaw - company number 02978546,Birtenshaw,BIRTENSHAW,NA,NA,02978546
Private,SC400355,3,STOCKPORT,Social Care Services (clayton) Limited,Social Care Services (clayton) Limited,SOCIAL CARE SERVICES (CLAYTON) LIMITED,NA,NA,04460745
Private,SC456413,1,ROCHDALE,Cambian Childcare Ltd,Cambian Childcare Ltd,CAMBIAN CHILDCARE LIMITED,NA,NA,04280519
Private,SC456542,1,ROCHDALE,Cambian Childcare Ltd,Cambian Childcare Ltd,CAMBIAN CHILDCARE LIMITED,NA,NA,04280519
Private,SC456850,1,ROCHDALE,Cambian Childcare Ltd,Cambian Childcare Ltd,CAMBIAN CHILDCARE LIMITED,NA,NA,04280519
Voluntary,SC470797,4,BOLTON,Birtenshaw - company number 02978546,Birtenshaw,BIRTENSHAW,NA,NA,02978546
Private,SC477726,2,WIGAN,Crystal Care Solutions Limited Company Number 05952454,Crystal Care Solutions Limited,CRYSTAL CARE SOLUTIONS LIMITED,2014-07-18,NA,05952454
Private,SC456532,2,ROCHDALE,Cambian Childcare Ltd,Cambian Childcare Ltd,CAMBIAN CHILDCARE LIMITED,NA,NA,04280519
Private,SC473473,3,ROCHDALE,Nestlings Care Ltd,Nestlings Care Ltd,NESTLINGS CARE LTD,NA,NA,07252721
Private,SC477724,3,WIGAN,Crystal Care Solutions Limited Company Number 05952454,Crystal Care Solutions Limited,CRYSTAL CARE SOLUTIONS LIMITED,2014-07-17,NA,05952454
Private,SC477939,2,ROCHDALE,Meadows Care Ltd,Meadows Care Ltd,MEADOWS CARE LIMITED,2014-06-03,NA,05087886
Private,SC479654,6,ROCHDALE,Hexagon Care Services Limited,Hexagon Care Services Limited,HEXAGON CARE SERVICES LIMITED,2014-09-05,NA,08885676
Private,SC480161,6,TAMESIDE,Hexagon Care Services Limited,Hexagon Care Services Limited,HEXAGON CARE SERVICES LIMITED,2014-09-10,NA,08885676
Private,1155775,1,MANCHESTER,Cambian Childcare Ltd,Cambian Childcare Ltd,CAMBIAN CHILDCARE LIMITED,2015-09-24,NA,04280519
Private,1156098,3,BOLTON,Cambian Childcare Ltd,Cambian Childcare Ltd,CAMBIAN CHILDCARE LIMITED,2016-01-06,NA,04280519
Private,1159258,3,MANCHESTER,Cambian Childcare Ltd,Cambian Childcare Ltd,CAMBIAN CHILDCARE LIMITED,2015-10-14,NA,04280519
Private,1159903,5,SALFORD,Holistic Approach Ltd,Holistic Approach Ltd,HOLISTIC APPROACH LTD,2015-10-08,NA,09365310
Private,1185828,4,WIGAN,Next Stage 4 Life,Next Stage 4 Life,NEXT STAGE 4 LIFE LTD,2016-02-08,NA,08256389
Private,1212094,4,SALFORD,Hexagon Care Services Limited,Hexagon Care Services Limited,HEXAGON CARE SERVICES LIMITED,2016-02-09,NA,08885676
Voluntary,1233310,3,BOLTON,Birtenshaw - company number 02978546,Birtenshaw,BIRTENSHAW,2016-08-08,NA,02978546
Local Authority,1237582,5,ROCHDALE,Rochdale Metropolitan Borough Council,Rochdale Metropolitan Borough Council,NA,2016-05-16,NA,NA
Private,1240801,2,WIGAN,Inspire Childrens Services Limited,Inspire Childrens Services Limited,INSPIRE CHILDRENS SERVICES LIMITED,2016-06-27,NA,06968122
Private,1241634,2,WIGAN,Future Focused Ltd,Future Focused Ltd,FUTURE FOCUSED LTD,2016-08-22,NA,07408112
Private,1241757,2,WIGAN,Inspire Childrens Services Limited,Inspire Childrens Services Limited,INSPIRE CHILDRENS SERVICES LIMITED,2016-08-09,NA,06968122
Private,SC005553,5,OLDHAM,Dalepeak Limited,Dalepeak Limited,DALEPEAK LIMITED,NA,NA,03612944
Local Authority,SC035339,7,OLDHAM,Oldham Metropolitan Borough Council,Oldham Metropolitan Borough Council,NA,NA,NA,NA
Local Authority,SC035492,4,OLDHAM,Oldham Metropolitan Borough Council,Oldham Metropolitan Borough Council,NA,NA,NA,NA
Local Authority,SC040500,27,SALFORD,Salford City Council,Salford City Council,NA,NA,NA,NA
Local Authority,SC387671,7,OLDHAM,Oldham Metropolitan Borough Council,Oldham Metropolitan Borough Council,NA,NA,NA,NA
Voluntary,SC413985,5,SALFORD,The Together Trust,The Together Trust,THE TOGETHER TRUST,NA,NA,00301722
Private,SC483828,5,STOCKPORT,Care Haven (UK) Ltd,Care Haven (UK) Ltd,CARE HAVEN (UK) LTD,2014-12-04,NA,03762420
Private,1155775,1,MANCHESTER,Cambian Childcare Ltd,Cambian Childcare Ltd,CAMBIAN CHILDCARE LIMITED,2015-09-24,NA,04280519
Private,1156098,3,BOLTON,Cambian Childcare Ltd,Cambian Childcare Ltd,CAMBIAN CHILDCARE LIMITED,2016-01-06,NA,04280519
Private,1159258,3,MANCHESTER,Cambian Childcare Ltd,Cambian Childcare Ltd,CAMBIAN CHILDCARE LIMITED,2015-10-14,NA,04280519
Private,1159903,5,SALFORD,Holistic Approach Ltd,Holistic Approach Ltd,HOLISTIC APPROACH LTD,2015-10-08,NA,09365310
Private,1185828,4,WIGAN,Next Stage 4 Life,Next Stage 4 Life,NEXT STAGE 4 LIFE LTD,2016-02-08,NA,08256389
Private,1212094,4,SALFORD,Hexagon Care Services Limited,Hexagon Care Services Limited,HEXAGON CARE SERVICES LIMITED,2016-02-09,NA,08885676
Voluntary,1233310,3,BOLTON,Birtenshaw - company number 02978546,Birtenshaw,BIRTENSHAW,2016-08-08,NA,02978546
Local Authority,1237582,5,ROCHDALE,Rochdale Metropolitan Borough Council,Rochdale Metropolitan Borough Council,NA,2016-05-16,NA,NA
Private,1240801,3,WIGAN,Inspire Childrens Services Limited,Inspire Childrens Services Limited,INSPIRE CHILDRENS SERVICES LIMITED,2016-06-27,NA,06968122
Private,1241634,2,WIGAN,Future Focused Ltd,Future Focused Ltd,FUTURE FOCUSED LTD,2016-08-22,NA,07408112
Private,1241757,3,WIGAN,Inspire Childrens Services Limited,Inspire Childrens Services Limited,INSPIRE CHILDRENS SERVICES LIMITED,2016-08-09,NA,06968122
Private,1244493,4,TAMESIDE,Stepping Stone Children's Homes Ltd,Stepping Stone childrens Homes Ltd,STEPPING STONES CHILDRENS HOMES LIMITED,2017-02-10,NA,09977747
Private,1244881,2,ROCHDALE,Time-Out Children's Homes Limited,Time-Out childrens Homes Limited,TIMEOUT CHILDRENS HOMES LIMITED,2016-09-13,NA,05033530
Local Authority,1244946,2,WIGAN,Wigan Council,Wigan Council,NA,2016-10-04,NA,NA
Private,1247773,5,MANCHESTER,Keys Care Limited,Keys Care Limited,KEYS CARE LIMITED,2016-11-30,NA,NI053253
Private,1250915,3,ROCHDALE,Meadows Care Ltd,Meadows Care Ltd,MEADOWS CARE LIMITED,2017-03-16,NA,05087886
Local Authority,1251073,5,MANCHESTER,Manchester City Council,Manchester City Council,NA,2017-02-24,NA,NA
Private,1256134,4,OLDHAM,Roc Northwest Ltd,Roc Northwest Ltd,ROC NORTHWEST LIMITED,2017-06-07,NA,05564417
Private,1261138,5,BURY,New Horizons (stockport) Ltd,New Horizons (stockport) Ltd,NEW HORIZONS (STOCKPORT) LTD,2017-08-29,NA,03431532
Private,1263199,6,WIGAN,Witherslack Group Ltd,Witherslack Group Ltd,WITHERSLACK GROUP LIMITED,2017-09-28,NA,03579104
Private,1264537,5,WIGAN,Roc Northwest Ltd,Roc Northwest Ltd,ROC NORTHWEST LIMITED,2017-11-29,NA,05564417
Private,SC005553,5,OLDHAM,Dalepeak Limited,Dalepeak Limited,DALEPEAK LIMITED,NA,NA,03612944
Private,SC005567,4,TAMESIDE,Stepping Stones Children's Services Limited,Stepping Stones childrens Services Limited,STEPPING STONES CHILDREN'S SERVICES LTD,NA,NA,15399498
Private,SC005589,2,TAMESIDE,The Partnership of Care Today Children's Services,Care Today Childrens Services childrens Services,NA,NA,NA,NA
Private,SC005751,1,WIGAN,Doncaster Deaf Trust,Doncaster Deaf Trust,DONCASTER DEAF TRUST,NA,NA,04105045
Private,SC008484,6,STOCKPORT,,,NA,NA,NA,NA
Private,SC008485,6,STOCKPORT,Choices Home For Children Limited,Choices Home For Children Limited,CHOICES HOME FOR CHILDREN LIMITED,NA,NA,04211653
Private,SC008486,6,STOCKPORT,The Partnership of Care Today Children's Services,Care Today Childrens Services childrens Services,NA,NA,NA,NA
Private,SC008487,6,STOCKPORT,The Partnership of Care Today Children's Services,Care Today Childrens Services childrens Services,NA,NA,NA,NA
Private,SC008488,8,STOCKPORT,Halliwell Homes Limited,Halliwell Homes Limited,HALLIWELL HOMES LIMITED,NA,NA,03681826
Private,SC008490,4,STOCKPORT,Stepping Stones Children's Services Limited,Stepping Stones childrens Services Limited,STEPPING STONES CHILDREN'S SERVICES LTD,NA,NA,15399498
Voluntary,SC008575,5,STOCKPORT,The Together Trust,The Together Trust,THE TOGETHER TRUST,NA,NA,00301722
Private,SC008600,6,STOCKPORT,New Horizons (stockport) Ltd,New Horizons (stockport) Ltd,NEW HORIZONS (STOCKPORT) LTD,NA,NA,03431532
Private,SC008607,2,STOCKPORT,The Partnership of Care Today Children's Services,Care Today Childrens Services childrens Services,NA,NA,NA,NA
Private,SC008608,2,STOCKPORT,The Partnership of Care Today Children's Services,Care Today Childrens Services childrens Services,NA,NA,NA,NA
Private,SC021677,4,MANCHESTER,The Partnership of Care Today Children's Services,Care Today Childrens Services childrens Services,NA,NA,NA,NA
Private,SC021679,4,MANCHESTER,The Partnership of Care Today Children's Services,Care Today Childrens Services childrens Services,NA,NA,NA,NA
Private,SC021683,4,MANCHESTER,The Partnership of Care Today Children's Services,Care Today Childrens Services childrens Services,NA,NA,NA,NA
Private,SC021684,6,MANCHESTER,Social Care Services Limited,Social Care Services Limited,SOCIAL CARE SERVICES LIMITED,NA,NA,02428089
Voluntary,SC025712,2,STOCKPORT,The Together Trust,The Together Trust,THE TOGETHER TRUST,NA,NA,00301722
Voluntary,SC025713,2,STOCKPORT,The Together Trust,The Together Trust,THE TOGETHER TRUST,NA,NA,00301722
Voluntary,SC025714,5,STOCKPORT,The Together Trust,The Together Trust,THE TOGETHER TRUST,NA,NA,00301722
Voluntary,SC025715,3,STOCKPORT,The Together Trust,The Together Trust,THE TOGETHER TRUST,NA,NA,00301722
Voluntary,SC025739,4,STOCKPORT,The Together Trust,The Together Trust,THE TOGETHER TRUST,NA,NA,00301722
Voluntary,SC025740,6,STOCKPORT,The Together Trust,The Together Trust,THE TOGETHER TRUST,NA,NA,00301722
Voluntary,SC025744,6,STOCKPORT,The Together Trust,The Together Trust,THE TOGETHER TRUST,NA,NA,00301722
Voluntary,SC025745,5,STOCKPORT,The Together Trust,The Together Trust,THE TOGETHER TRUST,NA,NA,00301722
Voluntary,SC025747,3,STOCKPORT,The Together Trust,The Together Trust,THE TOGETHER TRUST,NA,NA,00301722
Local Authority,SC032475,5,TRAFFORD,Trafford Borough Council,Trafford Borough Council,NA,NA,NA,NA
Local Authority,SC032496,6,TRAFFORD,Trafford Borough Council,Trafford Borough Council,NA,NA,NA,NA
Local Authority,SC034012,3,TAMESIDE,Tameside Mbc,Tameside Mbc,NA,NA,NA,NA
Local Authority,SC034108,6,TAMESIDE,Tameside Mbc,Tameside Mbc,NA,NA,NA,NA
Local Authority,SC034851,5,ROCHDALE,Rochdale Metropolitan Borough Council,Rochdale Metropolitan Borough Council,NA,NA,NA,NA
Local Authority,SC034922,4,ROCHDALE,Rochdale Metropolitan Borough Council,Rochdale Metropolitan Borough Council,NA,NA,NA,NA
Local Authority,SC035339,7,OLDHAM,Oldham Metropolitan Borough Council,Oldham Metropolitan Borough Council,NA,NA,NA,NA
Local Authority,SC035492,4,OLDHAM,Oldham Metropolitan Borough Council,Oldham Metropolitan Borough Council,NA,NA,NA,NA
Voluntary,SC035518,28,STOCKPORT,Sea Shell Trust Limited,Sea Shell Trust Limited,SEASHELL TRUST,NA,NA,04216714
Private,SC035657,7,OLDHAM,Cambian Childcare Ltd,Cambian Childcare Ltd,CAMBIAN CHILDCARE LIMITED,NA,NA,04280519
Local Authority,SC039070,5,STOCKPORT,Stockport Council,Stockport Council,NA,NA,NA,NA
Local Authority,SC040266,5,WIGAN,Wigan Council,Wigan Council,NA,NA,NA,NA
Local Authority,SC040500,27,SALFORD,Salford City Council,Salford City Council,NA,NA,NA,NA
Local Authority,SC040509,3,SALFORD,Salford City Council,Salford City Council,NA,NA,NA,NA
Local Authority,SC040511,5,SALFORD,Salford City Council,Salford City Council,NA,NA,NA,NA
Local Authority,SC040719,3,BOLTON,Bolton Metropolitan Borough Council,Bolton Metropolitan Borough Council,NA,NA,NA,NA
Local Authority,SC040723,4,BOLTON,Bolton Metropolitan Borough Council,Bolton Metropolitan Borough Council,NA,NA,NA,NA
Local Authority,SC040733,4,SALFORD,Salford City Council,Salford City Council,NA,NA,NA,NA
Local Authority,SC040926,6,WIGAN,Wigan Council,Wigan Council,NA,NA,NA,NA
Local Authority,SC040982,5,WIGAN,Wigan Council,Wigan Council,NA,NA,NA,NA
Private,SC043697,7,TAMESIDE,Halliwell Homes Limited,Halliwell Homes Limited,HALLIWELL HOMES LIMITED,NA,NA,03681826
Private,SC043972,5,MANCHESTER,Cambian Childcare Ltd,Cambian Childcare Ltd,CAMBIAN CHILDCARE LIMITED,NA,NA,04280519
Private,SC049189,3,ROCHDALE,The Partnership of Care Today Children's Services,Care Today Childrens Services childrens Services,NA,NA,NA,NA
Local Authority,SC051856,4,WIGAN,Wigan Council,Wigan Council,NA,NA,NA,NA
Voluntary,SC057718,5,BOLTON,The Together Trust,The Together Trust,THE TOGETHER TRUST,NA,NA,00301722
Local Authority,SC059842,5,BOLTON,Bolton Metropolitan Borough Council,Bolton Metropolitan Borough Council,NA,NA,NA,NA
Local Authority,SC059853,6,BOLTON,Bolton Metropolitan Borough Council,Bolton Metropolitan Borough Council,NA,NA,NA,NA
Private,SC062263,1,ROCHDALE,Time-Out Children's Homes Limited,Time-Out childrens Homes Limited,TIMEOUT CHILDRENS HOMES LIMITED,NA,NA,05033530
Private,SC062309,6,TAMESIDE,Courtyard Care Limited,Courtyard Care Limited,COURTYARD CARE LIMITED,NA,NA,04945227
Local Authority,SC063683,6,MANCHESTER,Manchester City Council,Manchester City Council,NA,NA,NA,NA
Private,SC064428,4,WIGAN,Active 8 Care Ltd,Active 8 Care Ltd,KEYS ACTIVE 8 CARE LIMITED,NA,NA,05107898
Private,SC064530,2,OLDHAM,Time-Out Children's Homes Limited,Time-Out childrens Homes Limited,TIMEOUT CHILDRENS HOMES LIMITED,NA,NA,05033530
Private,SC064666,2,MANCHESTER,Cambian Childcare Ltd,Cambian Childcare Ltd,CAMBIAN CHILDCARE LIMITED,NA,NA,04280519
Private,SC064836,3,ROCHDALE,Meadows Care Ltd,Meadows Care Ltd,MEADOWS CARE LIMITED,NA,NA,05087886
Local Authority,SC064858,4,SALFORD,Salford City Council,Salford City Council,NA,NA,NA,NA
Local Authority,SC065067,5,SALFORD,Salford City Council,Salford City Council,NA,NA,NA,NA
Private,SC065072,2,ROCHDALE,Time-Out Children's Homes Limited,Time-Out childrens Homes Limited,TIMEOUT CHILDRENS HOMES LIMITED,NA,NA,05033530
Private,SC065189,3,ROCHDALE,Meadows Care Ltd,Meadows Care Ltd,MEADOWS CARE LIMITED,NA,NA,05087886
Private,SC065374,5,STOCKPORT,Care Haven (UK) Ltd,Care Haven (UK) Ltd,CARE HAVEN (UK) LTD,NA,NA,03762420
Private,SC066072,3,OLDHAM,Meadows Care Ltd,Meadows Care Ltd,MEADOWS CARE LIMITED,NA,NA,05087886
Private,SC066560,3,ROCHDALE,Meadows Care Ltd,Meadows Care Ltd,MEADOWS CARE LIMITED,NA,NA,05087886
Private,SC067899,7,OLDHAM,Cambian Childcare Ltd,Cambian Childcare Ltd,CAMBIAN CHILDCARE LIMITED,NA,NA,04280519
Private,SC069176,5,TAMESIDE,Oakfields Children's Care Limited,Oakfields childrens Care Limited,OAKFIELDS CHILDREN'S CARE LIMITED,NA,NA,05425280
Private,SC069198,3,BURY,Meadows Care Ltd,Meadows Care Ltd,MEADOWS CARE LIMITED,NA,NA,05087886
Private,SC356817,4,OLDHAM,Lifetime Opportunities Ltd,Lifetime Opportunities Ltd,LIFETIME OPPORTUNITIES LTD,NA,NA,05040885
Private,SC356864,2,BURY,Time-Out Childrens Homes Limited,Time-Out Childrens Homes Limited,TIMEOUT CHILDRENS HOMES LIMITED,NA,NA,05033530
Private,SC357133,3,STOCKPORT,Social Care Services (clayton) Limited,Social Care Services (clayton) Limited,SOCIAL CARE SERVICES (CLAYTON) LIMITED,NA,NA,04460745
Private,SC357468,1,ROCHDALE,Time-Out Childrens Homes Limited,Time-Out Childrens Homes Limited,TIMEOUT CHILDRENS HOMES LIMITED,NA,NA,05033530
Local Authority,SC357979,3,TAMESIDE,Tameside Mbc,Tameside Mbc,NA,NA,NA,NA
Private,SC361811,3,ROCHDALE,Meadows Care Ltd,Meadows Care Ltd,MEADOWS CARE LIMITED,NA,NA,05087886
Private,SC366343,4,TAMESIDE,Maple Leaf Care Limited,Maple Leaf Care Limited,MAPLE LEAF CARE LIMITED,NA,NA,05951541
Local Authority,SC369857,5,BOLTON,Bolton Metropolitan Borough Council,Bolton Metropolitan Borough Council,NA,NA,NA,NA
Private,SC372117,3,ROCHDALE,Meadows Care Ltd,Meadows Care Ltd,MEADOWS CARE LIMITED,NA,NA,05087886
Voluntary,SC373044,4,BOLTON,Birtenshaw - company number 02978546,Birtenshaw,BIRTENSHAW,NA,NA,02978546
Private,SC378407,2,ROCHDALE,Time-Out Childrens Homes Limited,Time-Out Childrens Homes Limited,TIMEOUT CHILDRENS HOMES LIMITED,NA,NA,05033530
Private,SC386837,2,STOCKPORT,New Horizons (stockport) Ltd,New Horizons (stockport) Ltd,NEW HORIZONS (STOCKPORT) LTD,NA,NA,03431532
Private,SC387148,5,TRAFFORD,Fairfield Residential Ltd,Fairfield Residential Ltd,FAIRFIELD RESIDENTIAL LIMITED,NA,NA,06677877
Local Authority,SC387671,7,OLDHAM,Oldham Metropolitan Borough Council,Oldham Metropolitan Borough Council,NA,NA,NA,NA
Private,SC389823,5,BOLTON,Courtyard Care Limited,Courtyard Care Limited,COURTYARD CARE LIMITED,NA,NA,04945227
Private,SC390577,3,ROCHDALE,Meadows Care Ltd,Meadows Care Ltd,MEADOWS CARE LIMITED,NA,NA,05087886
Local Authority,SC394283,5,SALFORD,Salford City Council,Salford City Council,NA,NA,NA,NA
Private,SC394463,3,STOCKPORT,Cornerstone Children's Homes Limited,Cornerstone childrens Homes Limited,CORNERSTONE CHILDREN'S HOMES LIMITED,NA,NA,06681557
Private,SC394478,3,STOCKPORT,Cornerstone Children's Homes Limited,Cornerstone childrens Homes Limited,CORNERSTONE CHILDREN'S HOMES LIMITED,NA,NA,06681557
Private,SC396104,6,TAMESIDE,Full Circle Care,Full Circle Care,FULL CIRCLE CARE LTD,NA,NA,06610632
Voluntary,SC397344,4,BOLTON,Birtenshaw - company number 02978546,Birtenshaw,BIRTENSHAW,NA,NA,02978546
Private,SC400355,3,STOCKPORT,Social Care Services (clayton) Limited,Social Care Services (clayton) Limited,SOCIAL CARE SERVICES (CLAYTON) LIMITED,NA,NA,04460745
Private,SC403464,2,ROCHDALE,Aspire Child Care Ltd,Aspire Child Care Ltd,ASPIRE CHILD CARE LTD,NA,NA,06984654
Private,SC407169,4,STOCKPORT,Choices Home For Children Limited,Choices Home For Children Limited,CHOICES HOME FOR CHILDREN LIMITED,NA,NA,04211653
Private,SC411030,3,ROCHDALE,Meadows Care Ltd,Meadows Care Ltd,MEADOWS CARE LIMITED,NA,NA,05087886
Private,SC411825,2,WIGAN,Inspire Childrens Services Limited,Inspire Childrens Services Limited,INSPIRE CHILDRENS SERVICES LIMITED,NA,NA,06968122
Private,SC412687,3,SALFORD,Social Care Services (clayton) Limited,Social Care Services (clayton) Limited,SOCIAL CARE SERVICES (CLAYTON) LIMITED,NA,NA,04460745
Private,SC413779,2,ROCHDALE,Aspire Child Care Ltd,Aspire Child Care Ltd,ASPIRE CHILD CARE LTD,NA,NA,06984654
Voluntary,SC413985,5,SALFORD,The Together Trust,The Together Trust,THE TOGETHER TRUST,NA,NA,00301722
Private,SC416267,2,ROCHDALE,Time-Out Childrens Homes Limited,Time-Out Childrens Homes Limited,TIMEOUT CHILDRENS HOMES LIMITED,NA,NA,05033530
Private,SC416464,3,ROCHDALE,Meadows Care Ltd,Meadows Care Ltd,MEADOWS CARE LIMITED,NA,NA,05087886
Private,SC420388,4,BURY,Alliance Care & Education Limited,Alliance Care & Education Limited,KEYS ACE LIMITED,NA,NA,05556312
Private,SC428599,5,SALFORD,Courtyard Care Limited,Courtyard Care Limited,COURTYARD CARE LIMITED,NA,NA,04945227
Private,SC430239,5,TAMESIDE,Cambian Childcare Ltd,Cambian Childcare Ltd,CAMBIAN CHILDCARE LIMITED,NA,NA,04280519
Private,SC436559,5,STOCKPORT,Choices Home For Children Limited,Choices Home For Children Limited,CHOICES HOME FOR CHILDREN LIMITED,NA,NA,04211653
Private,SC439116,2,TRAFFORD,Aspireone Care Ltd,Aspireone Care Ltd,ASPIREONE CARE LIMITED,NA,NA,07483842
Private,SC442864,3,ROCHDALE,Meadows Care Ltd,Meadows Care Ltd,MEADOWS CARE LIMITED,NA,NA,05087886
Private,SC446325,2,MANCHESTER,Cambian Childcare Ltd,Cambian Childcare Ltd,CAMBIAN CHILDCARE LIMITED,NA,NA,04280519
Private,SC451174,2,MANCHESTER,Cambian Childcare Ltd,Cambian Childcare Ltd,CAMBIAN CHILDCARE LIMITED,NA,NA,04280519
Private,SC456409,1,ROCHDALE,Cambian Childcare Ltd,Cambian Childcare Ltd,CAMBIAN CHILDCARE LIMITED,NA,NA,04280519
Private,SC456413,1,ROCHDALE,Cambian Childcare Ltd,Cambian Childcare Ltd,CAMBIAN CHILDCARE LIMITED,NA,NA,04280519
Private,SC456416,1,ROCHDALE,Cambian Childcare Ltd,Cambian Childcare Ltd,CAMBIAN CHILDCARE LIMITED,NA,NA,04280519
Private,SC456418,1,ROCHDALE,Cambian Childcare Ltd,Cambian Childcare Ltd,CAMBIAN CHILDCARE LIMITED,NA,NA,04280519
Private,SC456419,1,ROCHDALE,Cambian Childcare Ltd,Cambian Childcare Ltd,CAMBIAN CHILDCARE LIMITED,NA,NA,04280519
Private,SC456532,2,ROCHDALE,Cambian Childcare Ltd,Cambian Childcare Ltd,CAMBIAN CHILDCARE LIMITED,NA,NA,04280519
Private,SC456539,1,BOLTON,Cambian Childcare Ltd,Cambian Childcare Ltd,CAMBIAN CHILDCARE LIMITED,NA,NA,04280519
Private,SC456542,1,ROCHDALE,Cambian Childcare Ltd,Cambian Childcare Ltd,CAMBIAN CHILDCARE LIMITED,NA,NA,04280519
Private,SC456543,1,ROCHDALE,Cambian Childcare Ltd,Cambian Childcare Ltd,CAMBIAN CHILDCARE LIMITED,NA,NA,04280519
Private,SC456850,1,ROCHDALE,Cambian Childcare Ltd,Cambian Childcare Ltd,CAMBIAN CHILDCARE LIMITED,NA,NA,04280519
Private,SC456857,1,ROCHDALE,Cambian Childcare Ltd,Cambian Childcare Ltd,CAMBIAN CHILDCARE LIMITED,NA,NA,04280519
Voluntary,SC467796,3,BOLTON,Birtenshaw - company number 02978546,Birtenshaw,BIRTENSHAW,NA,NA,02978546
Voluntary,SC470797,4,BOLTON,Birtenshaw - company number 02978546,Birtenshaw,BIRTENSHAW,NA,NA,02978546
Private,SC472680,5,MANCHESTER,New Horizons (stockport) Ltd,New Horizons (stockport) Ltd,NEW HORIZONS (STOCKPORT) LTD,NA,NA,03431532
Private,SC473473,3,ROCHDALE,Nestlings Care Ltd,Nestlings Care Ltd,NESTLINGS CARE LTD,NA,NA,07252721
Private,SC477724,3,WIGAN,Crystal Care Solutions Limited Company Number 05952454,Crystal Care Solutions Limited,CRYSTAL CARE SOLUTIONS LIMITED,2014-07-17,NA,05952454
Private,SC477726,2,WIGAN,Crystal Care Solutions Limited Company Number 05952454,Crystal Care Solutions Limited,CRYSTAL CARE SOLUTIONS LIMITED,2014-07-18,NA,05952454
Private,SC477939,2,ROCHDALE,Meadows Care Ltd,Meadows Care Ltd,MEADOWS CARE LIMITED,2014-06-03,NA,05087886
Private,SC479647,6,WIGAN,Hexagon Care Services Limited,Hexagon Care Services Limited,HEXAGON CARE SERVICES LIMITED,2014-10-08,NA,08885676
Private,SC479650,6,ROCHDALE,Hexagon Care Services Limited,Hexagon Care Services Limited,HEXAGON CARE SERVICES LIMITED,2014-10-08,NA,08885676
Private,SC479654,6,ROCHDALE,Hexagon Care Services Limited,Hexagon Care Services Limited,HEXAGON CARE SERVICES LIMITED,2014-09-05,NA,08885676
Private,SC480161,6,TAMESIDE,Hexagon Care Services Limited,Hexagon Care Services Limited,HEXAGON CARE SERVICES LIMITED,2014-09-10,NA,08885676
Private,SC482410,3,WIGAN,Inspire Childrens Services Limited,Inspire Childrens Services Limited,INSPIRE CHILDRENS SERVICES LIMITED,2014-11-12,NA,06968122
Voluntary,SC483533,3,BOLTON,Birtenshaw - company number 02978546,Birtenshaw,BIRTENSHAW,2015-01-27,NA,02978546
Private,SC483828,5,STOCKPORT,Care Haven (UK) Ltd,Care Haven (UK) Ltd,CARE HAVEN (UK) LTD,2014-12-04,NA,03762420
Private,1258975,3,OLDHAM,Oasis Adolescent Services Limited,Oasis Adolescent Services Limited,OASIS ADOLESCENT SERVICES LIMITED,2017-10-16,NA,10606038
Local Authority,1263766,3,TAMESIDE,Tameside Mbc,Tameside Mbc,NA,2017-10-23,NA,NA
Local Authority,1263768,3,TAMESIDE,Tameside Mbc,Tameside Mbc,NA,2017-10-23,NA,NA
Private,1265092,7,BOLTON,4pureheart Limited,4pureheart Limited,4PUREHEART LIMITED,2018-01-03,NA,10057047
Private,1270297,3,BURY,Next Stage 4 Life,Next Stage 4 Life,NEXT STAGE 4 LIFE LTD,2017-11-24,NA,08256389
Local Authority,1271135,5,STOCKPORT,Stockport Council,Stockport Council,NA,2018-02-15,NA,NA
Private,1155775,1,MANCHESTER,Cambian Childcare Limited,Cambian Childcare Limited,CAMBIAN CHILDCARE LIMITED,2015-09-24,NA,04280519
Private,1156098,3,BOLTON,Cambian Childcare Limited,Cambian Childcare Limited,CAMBIAN CHILDCARE LIMITED,2016-01-06,NA,04280519
Private,1159258,3,MANCHESTER,Cambian Childcare Limited,Cambian Childcare Limited,CAMBIAN CHILDCARE LIMITED,2015-10-14,NA,04280519
Private,1244493,4,TAMESIDE,Stepping Stones Childrens Homes Ltd,Stepping Stones Childrens Homes Ltd,STEPPING STONES CHILDRENS HOMES LIMITED,2017-02-10,NA,09977747
Private,1244881,2,ROCHDALE,Time-Out Children's Homes Ltd,Time-Out childrens Homes Ltd,TIMEOUT CHILDRENS HOMES LIMITED,2016-09-13,NA,05033530
Private,1247773,5,MANCHESTER,Keys Group Progressive Care & Education Limited,Keys Group Progressive Care & Education Limited,KEYS GROUP PROGRESSIVE CARE & EDUCATION LIMITED,2016-11-30,NA,03849567
Private,1263425,2,STOCKPORT,Social Care Services (clayton) Limited,Social Care Services (clayton) Limited,SOCIAL CARE SERVICES (CLAYTON) LIMITED,2018-09-25,NA,04460745
Local Authority,1263766,3,TAMESIDE,Tameside Metropolitan Borough Council ,Tameside Metropolitan Borough Council,NA,2017-10-23,NA,NA
Local Authority,1263768,3,TAMESIDE,Tameside Metropolitan Borough Council ,Tameside Metropolitan Borough Council,NA,2017-10-23,NA,NA
Local Authority,1271135,5,STOCKPORT,Stockport Metropolitan Borough Council,Stockport Metropolitan Borough Council,NA,2018-02-15,NA,NA
Private,1271581,2,BOLTON,Nestlings Care Ltd,Nestlings Care Ltd,NESTLINGS CARE LTD,2018-04-04,NA,07252721
Private,1277049,2,WIGAN,All Round Care Ltd,All Round Care Ltd,ALL ROUND CARE LTD,2018-07-26,NA,10639802
Private,1278753,3,OLDHAM,Oasis Adolescent Services Limited,Oasis Adolescent Services Limited,OASIS ADOLESCENT SERVICES LIMITED,2018-09-06,NA,10606038
Private,1280370,2,OLDHAM,Time-Out Children's Homes Ltd,Time-Out childrens Homes Ltd,TIMEOUT CHILDRENS HOMES LIMITED,2018-07-16,NA,05033530
Private,1280371,2,OLDHAM,Time-Out Children's Homes Ltd,Time-Out childrens Homes Ltd,TIMEOUT CHILDRENS HOMES LIMITED,2018-07-16,NA,05033530
Private,1280412,4,WIGAN,Apex Children's Services,Apex childrens Services,APEX CHILDRENS SERVICES LTD,2018-06-25,NA,10344525
Private,2484682,3,BURY,Next Stage 4 Life,Next Stage 4 Life,NEXT STAGE 4 LIFE LTD,2018-08-06,NA,08256389
Private,SC005751,1,WIGAN,Care Afloat Ltd,Care Afloat Ltd,CARE AFLOAT LTD.,NA,NA,02578368
Local Authority,SC034012,3,TAMESIDE,Tameside Metropolitan Borough Council ,Tameside Metropolitan Borough Council,NA,NA,NA,NA
Local Authority,SC034108,6,TAMESIDE,Tameside Metropolitan Borough Council ,Tameside Metropolitan Borough Council,NA,NA,NA,NA
Private,SC035657,7,OLDHAM,Cambian Childcare Limited,Cambian Childcare Limited,CAMBIAN CHILDCARE LIMITED,NA,NA,04280519
Local Authority,SC039070,5,STOCKPORT,Stockport Metropolitan Borough Council,Stockport Metropolitan Borough Council,NA,NA,NA,NA
Private,SC043972,5,MANCHESTER,Cambian Childcare Limited,Cambian Childcare Limited,CAMBIAN CHILDCARE LIMITED,NA,NA,04280519
Private,SC062263,1,ROCHDALE,Time-Out Children's Homes Ltd,Time-Out childrens Homes Ltd,TIMEOUT CHILDRENS HOMES LIMITED,NA,NA,05033530
Private,SC064530,2,OLDHAM,Time-Out Children's Homes Ltd,Time-Out childrens Homes Ltd,TIMEOUT CHILDRENS HOMES LIMITED,NA,NA,05033530
Private,SC064666,2,MANCHESTER,Cambian Childcare Limited,Cambian Childcare Limited,CAMBIAN CHILDCARE LIMITED,NA,NA,04280519
Private,SC065072,2,ROCHDALE,Time-Out Children's Homes Ltd,Time-Out childrens Homes Ltd,TIMEOUT CHILDRENS HOMES LIMITED,NA,NA,05033530
Private,SC067899,7,OLDHAM,Cambian Childcare Limited,Cambian Childcare Limited,CAMBIAN CHILDCARE LIMITED,NA,NA,04280519
Private,SC356864,2,BURY,Time-Out Children's Homes Ltd,Time-Out childrens Homes Ltd,TIMEOUT CHILDRENS HOMES LIMITED,NA,NA,05033530
Private,SC357468,1,ROCHDALE,Time-Out Children's Homes Ltd,Time-Out childrens Homes Ltd,TIMEOUT CHILDRENS HOMES LIMITED,NA,NA,05033530
Local Authority,SC357979,3,TAMESIDE,Tameside Metropolitan Borough Council ,Tameside Metropolitan Borough Council,NA,NA,NA,NA
Private,SC378407,2,ROCHDALE,Time-Out Children's Homes Ltd,Time-Out childrens Homes Ltd,TIMEOUT CHILDRENS HOMES LIMITED,NA,NA,05033530
Private,SC396104,6,TAMESIDE,Full Circle Care Ltd,Full Circle Care Ltd,FULL CIRCLE CARE LTD,NA,NA,06610632
Private,SC416267,2,ROCHDALE,Time-Out Children's Homes Ltd,Time-Out childrens Homes Ltd,TIMEOUT CHILDRENS HOMES LIMITED,NA,NA,05033530
Private,SC430239,5,TAMESIDE,Cambian Childcare Limited,Cambian Childcare Limited,CAMBIAN CHILDCARE LIMITED,NA,NA,04280519
Private,SC446325,2,MANCHESTER,Cambian Childcare Limited,Cambian Childcare Limited,CAMBIAN CHILDCARE LIMITED,NA,NA,04280519
Private,SC451174,2,MANCHESTER,Cambian Childcare Limited,Cambian Childcare Limited,CAMBIAN CHILDCARE LIMITED,NA,NA,04280519
Private,SC456409,1,ROCHDALE,Cambian Childcare Limited,Cambian Childcare Limited,CAMBIAN CHILDCARE LIMITED,NA,NA,04280519
Private,SC456413,1,ROCHDALE,Cambian Childcare Limited,Cambian Childcare Limited,CAMBIAN CHILDCARE LIMITED,NA,NA,04280519
Private,SC456416,1,ROCHDALE,Cambian Childcare Limited,Cambian Childcare Limited,CAMBIAN CHILDCARE LIMITED,NA,NA,04280519
Private,SC456418,1,ROCHDALE,Cambian Childcare Limited,Cambian Childcare Limited,CAMBIAN CHILDCARE LIMITED,NA,NA,04280519
Private,SC456419,1,ROCHDALE,Cambian Childcare Limited,Cambian Childcare Limited,CAMBIAN CHILDCARE LIMITED,NA,NA,04280519
Private,SC456532,2,ROCHDALE,Cambian Childcare Limited,Cambian Childcare Limited,CAMBIAN CHILDCARE LIMITED,NA,NA,04280519
Private,SC456539,1,BOLTON,Cambian Childcare Limited,Cambian Childcare Limited,CAMBIAN CHILDCARE LIMITED,NA,NA,04280519
Private,SC456542,1,ROCHDALE,Cambian Childcare Limited,Cambian Childcare Limited,CAMBIAN CHILDCARE LIMITED,NA,NA,04280519
Private,SC456543,1,ROCHDALE,Cambian Childcare Limited,Cambian Childcare Limited,CAMBIAN CHILDCARE LIMITED,NA,NA,04280519
Private,SC456850,1,ROCHDALE,Cambian Childcare Limited,Cambian Childcare Limited,CAMBIAN CHILDCARE LIMITED,NA,NA,04280519
Private,SC456857,1,ROCHDALE,Cambian Childcare Limited,Cambian Childcare Limited,CAMBIAN CHILDCARE LIMITED,NA,NA,04280519
Private,SC477724,3,WIGAN,Crystal Care Solutions,Crystal Care Solutions,CRYSTAL CARE SOLUTIONS LIMITED,2014-07-17,NA,05952454
Private,SC477726,2,WIGAN,Crystal Care Solutions,Crystal Care Solutions,CRYSTAL CARE SOLUTIONS LIMITED,2014-07-18,NA,05952454
Private,1185828,4,WIGAN,Next Stage 4 Life Ltd,Next Stage 4 Life Ltd,NEXT STAGE 4 LIFE LTD,2016-02-08,NA,08256389
Voluntary,1233310,3,BOLTON,Birtenshaw ,Birtenshaw,BIRTENSHAW,2016-08-08,NA,02978546
Private,1240801,3,WIGAN,Inspire Childrens Services,Inspire Childrens Services,INSPIRE CHILDRENS SERVICES LIMITED,2016-06-27,NA,06968122
Private,1241757,3,WIGAN,Inspire Childrens Services,Inspire Childrens Services,INSPIRE CHILDRENS SERVICES LIMITED,2016-08-09,NA,06968122
Private,1250915,3,ROCHDALE,Meadows Care Limited,Meadows Care Limited,MEADOWS CARE LIMITED,2017-03-16,NA,05087886
Private,1263425,2,STOCKPORT,Social Care Services Ltd,Social Care Services Ltd,RESTORATIVE SOCIAL CARE SERVICES LTD.,2018-09-25,NA,10413929
Private,1265092,7,BOLTON,4PureHeart Limited,4PureHeart Limited,4PUREHEART LIMITED,2018-01-03,NA,10057047
Private,1270297,3,BURY,Next Stage 4 Life Ltd,Next Stage 4 Life Ltd,NEXT STAGE 4 LIFE LTD,2017-11-24,NA,08256389
Private,1280412,4,WIGAN,Apex Childrens Services,Apex Childrens Services,APEX CHILDRENS SERVICES LTD,2018-06-25,NA,10344525
Private,2484682,3,BURY,Next Stage 4 Life Ltd,Next Stage 4 Life Ltd,NEXT STAGE 4 LIFE LTD,2018-08-06,NA,08256389
Private,2509452,3,WIGAN,Horizon Care And Education Group Limited,Horizon Care And Education Group Limited,HORIZON CARE AND EDUCATION GROUP LIMITED,2019-03-11,NA,06454959
Private,2509670,4,STOCKPORT,Crystal Care Solutions Limited,Crystal Care Solutions Limited,CRYSTAL CARE SOLUTIONS LIMITED,2019-03-28,NA,05952454
Private,2509838,3,BOLTON,Holistic Approach Ltd,Holistic Approach Ltd,HOLISTIC APPROACH LTD,2019-02-13,NA,09365310
Private,2510604,4,BURY,Nestlings Care Ltd,Nestlings Care Ltd,NESTLINGS CARE LTD,2019-07-04,NA,07252721
Private,2519592,4,TAMESIDE,Care 4 Children Residential Services Ltd,Care 4 Children Residential Services Ltd,YOUR CHAPTER LIMITED,2019-04-08,NA,09097182
Private,2525774,4,OLDHAM,Stepping Stones Childrens Homes Ltd,Stepping Stones Childrens Homes Ltd,STEPPING STONES CHILDRENS HOMES LIMITED,2019-05-28,NA,09977747
Private,2536761,4,WIGAN,Hexagon Care Services Limited,Hexagon Care Services Limited,HEXAGON CARE SERVICES LIMITED,2019-08-15,NA,08885676
Private,2541033,5,TRAFFORD,Pure Care Homes Ltd,Pure Care Homes Ltd,PURE CARE HOMES LTD,2019-09-05,NA,11667392
Private,2542024,2,MANCHESTER,Proactive Care,Proactive Care,PROACTIVE CARE SERVICES LIMITED,2019-08-30,NA,03719907
Private,2548528,4,ROCHDALE,Octagon Care Ltd,Octagon Care Ltd,OCTAGON CARE LTD,2019-08-12,NA,10988764
Private,SC005567,4,TAMESIDE,Keys Stepping Stones Limited,Keys Stepping Stones Limited,KEYS STEPPING STONES LIMITED,NA,NA,03749791
Private,SC005589,2,TAMESIDE,The Partnership Of Care Today,Care Today Childrens Services,CARE TODAY (CHILDRENS SERVICES) LTD,NA,NA,03576741
Private,SC008486,6,STOCKPORT,The Partnership Of Care Today,Care Today Childrens Services,CARE TODAY (CHILDRENS SERVICES) LTD,NA,NA,03576741
Private,SC008487,6,STOCKPORT,The Partnership Of Care Today,Care Today Childrens Services,CARE TODAY (CHILDRENS SERVICES) LTD,NA,NA,03576741
Private,SC008490,4,STOCKPORT,Keys Stepping Stones Limited,Keys Stepping Stones Limited,KEYS STEPPING STONES LIMITED,NA,NA,03749791
Private,SC008607,2,STOCKPORT,The Partnership Of Care Today,Care Today Childrens Services,CARE TODAY (CHILDRENS SERVICES) LTD,NA,NA,03576741
Private,SC008608,2,STOCKPORT,The Partnership Of Care Today,Care Today Childrens Services,CARE TODAY (CHILDRENS SERVICES) LTD,NA,NA,03576741
Private,SC021677,4,MANCHESTER,The Partnership Of Care Today,Care Today Childrens Services,CARE TODAY (CHILDRENS SERVICES) LTD,NA,NA,03576741
Private,SC021679,4,MANCHESTER,The Partnership Of Care Today,Care Today Childrens Services,CARE TODAY (CHILDRENS SERVICES) LTD,NA,NA,03576741
Private,SC021683,4,MANCHESTER,The Partnership Of Care Today,Care Today Childrens Services,CARE TODAY (CHILDRENS SERVICES) LTD,NA,NA,03576741
Voluntary,SC035518,28,STOCKPORT,Seashell Trust ,Seashell Trust,SEASHELL TRUST,NA,NA,04216714
Local Authority,SC040511,6,SALFORD,Salford City Council,Salford City Council,NA,NA,NA,NA
Private,SC049189,3,ROCHDALE,The Partnership Of Care Today,Care Today Childrens Services,CARE TODAY (CHILDRENS SERVICES) LTD,NA,NA,03576741
Private,SC064428,4,WIGAN,Keys Active 8 Care Ltd,Keys Active 8 Care Ltd,KEYS ACTIVE 8 CARE LIMITED,NA,NA,05107898
Private,SC064836,3,ROCHDALE,Meadows Care Limited,Meadows Care Limited,MEADOWS CARE LIMITED,NA,NA,05087886
Private,SC065189,3,ROCHDALE,Meadows Care Limited,Meadows Care Limited,MEADOWS CARE LIMITED,NA,NA,05087886
Private,SC066072,3,OLDHAM,Meadows Care Limited,Meadows Care Limited,MEADOWS CARE LIMITED,NA,NA,05087886
Private,SC066560,3,ROCHDALE,Meadows Care Limited,Meadows Care Limited,MEADOWS CARE LIMITED,NA,NA,05087886
Private,SC357133,3,STOCKPORT,Social Care Services Ltd,Social Care Services Ltd,RESTORATIVE SOCIAL CARE SERVICES LTD.,NA,NA,10413929
Private,SC361811,3,ROCHDALE,Meadows Care Limited,Meadows Care Limited,MEADOWS CARE LIMITED,NA,NA,05087886
Private,SC372117,3,ROCHDALE,Meadows Care Limited,Meadows Care Limited,MEADOWS CARE LIMITED,NA,NA,05087886
Voluntary,SC373044,4,BOLTON,Birtenshaw ,Birtenshaw,BIRTENSHAW,NA,NA,02978546
Private,SC390577,3,ROCHDALE,Meadows Care Limited,Meadows Care Limited,MEADOWS CARE LIMITED,NA,NA,05087886
Voluntary,SC397344,4,BOLTON,Birtenshaw ,Birtenshaw,BIRTENSHAW,NA,NA,02978546
Private,SC400355,3,STOCKPORT,Social Care Services Ltd,Social Care Services Ltd,RESTORATIVE SOCIAL CARE SERVICES LTD.,NA,NA,10413929
Private,SC411030,3,ROCHDALE,Meadows Care Limited,Meadows Care Limited,MEADOWS CARE LIMITED,NA,NA,05087886
Private,SC411825,2,WIGAN,Inspire Childrens Services,Inspire Childrens Services,INSPIRE CHILDRENS SERVICES LIMITED,NA,NA,06968122
Private,SC412687,3,SALFORD,Social Care Services Ltd,Social Care Services Ltd,RESTORATIVE SOCIAL CARE SERVICES LTD.,NA,NA,10413929
Private,SC416464,3,ROCHDALE,Meadows Care Limited,Meadows Care Limited,MEADOWS CARE LIMITED,NA,NA,05087886
Private,SC420388,4,BURY,Keys ACE Limited,Keys ACE Limited,KEYS ACE LIMITED,NA,NA,05556312
Private,SC442864,3,ROCHDALE,Meadows Care Limited,Meadows Care Limited,MEADOWS CARE LIMITED,NA,NA,05087886
Voluntary,SC467796,3,BOLTON,Birtenshaw ,Birtenshaw,BIRTENSHAW,NA,NA,02978546
Voluntary,SC470797,4,BOLTON,Birtenshaw ,Birtenshaw,BIRTENSHAW,NA,NA,02978546
Private,SC477724,3,WIGAN,Crystal Care Solutions Limited,Crystal Care Solutions Limited,CRYSTAL CARE SOLUTIONS LIMITED,2014-07-17,NA,05952454
Private,SC477726,2,WIGAN,Crystal Care Solutions Limited,Crystal Care Solutions Limited,CRYSTAL CARE SOLUTIONS LIMITED,2014-07-18,NA,05952454
Private,SC477939,3,ROCHDALE,Meadows Care Limited,Meadows Care Limited,MEADOWS CARE LIMITED,2014-06-03,NA,05087886
Private,SC482410,3,WIGAN,Inspire Childrens Services,Inspire Childrens Services,INSPIRE CHILDRENS SERVICES LIMITED,2014-11-12,NA,06968122
Voluntary,SC483533,3,BOLTON,Birtenshaw ,Birtenshaw,BIRTENSHAW,2015-01-27,NA,02978546
Private,SC008488,8,STOCKPORT,Halliwell Homes,Halliwell Homes,HALLIWELL HOMES LIMITED,NA,NA,03681826
Private,2598004,3,OLDHAM,Strive To Care LTD,Strive To Care LTD,STRIVE TO CARE LTD,2020-10-05,NA,12377099
Private,2591888,4,TAMESIDE,New Horizons-(stockport) Ltd,New Horizons-(stockport) Ltd,NEW HORIZONS (STOCKPORT) LTD,2020-06-16,NA,03431532
Private,2593915,3,SALFORD,Stepping Stones Childrens Homes Limited,Stepping Stones Childrens Homes Limited,STEPPING STONES CHILDRENS HOMES LIMITED,2020-09-14,NA,09977747
Private,2594033,3,BURY,Inspire Childrens Services,Inspire Childrens Services,INSPIRE CHILDRENS SERVICES LIMITED,2020-06-19,NA,06968122
Local Authority,SC034012,5,TAMESIDE,Tameside Metropolitan Borough Council ,Tameside Metropolitan Borough Council,NA,NA,NA,NA
Private,SC069198,3,BURY,Meadows Care Limited,Meadows Care Limited,MEADOWS CARE LIMITED,NA,NA,05087886
Private,1280412,4,WIGAN,Apex Childrens Services Ltd,Apex Childrens Services Ltd,APEX CHILDRENS SERVICES LTD,2018-06-25,NA,10344525
Private,1264537,5,WIGAN,ROC Northwest,ROC Northwest,ROC NORTHWEST LIMITED,2017-11-29,NA,05564417
Private,SC472680,5,MANCHESTER,New Horizons-(stockport) Ltd,New Horizons-(stockport) Ltd,NEW HORIZONS (STOCKPORT) LTD,NA,NA,03431532
Private,2575432,2,WIGAN,All Round Care Ltd,All Round Care Ltd,ALL ROUND CARE LTD,2020-05-01,NA,10639802
Private,2582250,2,ROCHDALE,Sandcastle Care Ltd,Sandcastle Care Ltd,SANDCASTLE CARE LTD,2020-03-04,NA,04922373
Private,2582337,4,BURY,Sandcastle Care Ltd,Sandcastle Care Ltd,SANDCASTLE CARE LTD,2020-03-04,NA,04922373
Voluntary,SC035518,24,STOCKPORT,Seashell Trust,Seashell Trust,SEASHELL TRUST,NA,NA,04216714
Voluntary,SC397344,4,BOLTON,Birtenshaw,Birtenshaw,BIRTENSHAW,NA,NA,02978546
Private,2484682,3,BURY,Next Stage 4Life LTD,Next Stage 4 Life LTD,NEXT STAGE 4 LIFE LTD,2018-08-06,NA,08256389
Private,2553543,3,WIGAN,Social Care Services ( clayton ) Ltd,Social Care Services ( clayton ) Ltd,SOCIAL CARE SERVICES (CLAYTON) LIMITED,2020-04-21,NA,04460745
Private,2591916,1,WIGAN,Future Focused Ltd,Future Focused Ltd,FUTURE FOCUSED LTD,2020-07-20,NA,07408112
Private,1270297,3,BURY,Next Stage 4Life LTD,Next Stage 4 Life LTD,NEXT STAGE 4 LIFE LTD,2017-11-24,NA,08256389
Private,2612810,3,TAMESIDE,Pure Care Homes ltd,Pure Care Homes ltd,PURE CARE HOMES LTD,2021-01-19,NA,11667392
Private,2553536,4,WIGAN,Apex Childrens Services Ltd,Apex Childrens Services Ltd,APEX CHILDRENS SERVICES LTD,2019-11-22,NA,10344525
Voluntary,SC470797,4,BOLTON,Birtenshaw,Birtenshaw,BIRTENSHAW,NA,NA,02978546
Private,2590699,4,SALFORD,Care 4 Every Child Limited,Care 4 Every Child Limited,CARE 4 EVERY CHILD LIMITED,2020-06-10,NA,11769512
Private,SC065072,2,ROCHDALE,Timeout Childrens Homes Ltd,Timeout Childrens Homes Ltd,TIMEOUT CHILDRENS HOMES LIMITED,NA,NA,05033530
Private,2620950,2,BOLTON,Cambian Childcare Ltd,Cambian Childcare Ltd,CAMBIAN CHILDCARE LIMITED,2021-03-22,NA,04280519
Local Authority,1271135,7,STOCKPORT,Stockport Metropolitan Borough Council,Stockport Metropolitan Borough Council,NA,2018-02-15,NA,NA
Private,SC043697,7,TAMESIDE,Halliwell Homes,Halliwell Homes,HALLIWELL HOMES LIMITED,NA,NA,03681826
Private,1280370,2,OLDHAM,Timeout Childrens Homes Ltd,Timeout Childrens Homes Ltd,TIMEOUT CHILDRENS HOMES LIMITED,2018-07-16,NA,05033530
Private,2557152,3,TAMESIDE,The Partnership Of Care Today,Care Today Childrens Services,CARE TODAY (CHILDRENS SERVICES) LTD,2019-11-19,NA,03576741
Voluntary,1233310,3,BOLTON,Birtenshaw,Birtenshaw,BIRTENSHAW,2016-08-08,NA,02978546
Private,1256134,4,OLDHAM,ROC Northwest,ROC Northwest,ROC NORTHWEST LIMITED,2017-06-07,NA,05564417
Private,1280371,2,OLDHAM,Timeout Childrens Homes Ltd,Timeout Childrens Homes Ltd,TIMEOUT CHILDRENS HOMES LIMITED,2018-07-16,NA,05033530
Private,SC356864,2,BURY,Timeout Childrens Homes Ltd,Timeout Childrens Homes Ltd,TIMEOUT CHILDRENS HOMES LIMITED,NA,NA,05033530
Private,2581296,1,ROCHDALE,Sandcastle Care Ltd,Sandcastle Care Ltd,SANDCASTLE CARE LTD,2020-03-04,NA,04922373
Private,2586951,3,SALFORD,Horizon Care and Education Group Limited,Horizon Care and Education Group Limited,HORIZON CARE AND EDUCATION GROUP LIMITED,2020-05-01,NA,06454959
Voluntary,2590128,4,STOCKPORT,Seashell Trust,Seashell Trust,SEASHELL TRUST,2020-05-22,NA,04216714
Private,2591400,3,OLDHAM,Oasis Adolescent Services Limited,Oasis Adolescent Services Limited,OASIS ADOLESCENT SERVICES LIMITED,2020-05-06,NA,10606038
Private,2625182,2,MANCHESTER,Care Today (Childrens Services) Ltd,Care Today (Childrens Services) Ltd,CARE TODAY (CHILDRENS SERVICES) LTD,2021-03-03,NA,03576741
Private,2623004,1,BOLTON,Cambian Childcare Ltd,Cambian Childcare Ltd,CAMBIAN CHILDCARE LIMITED,2021-03-01,NA,04280519
Private,2615395,2,MANCHESTER,Care Today (Childrens Services) Ltd,Care Today (Childrens Services) Ltd,CARE TODAY (CHILDRENS SERVICES) LTD,2020-11-26,NA,03576741
Private,2541033,5,TRAFFORD,Pure Care Homes ltd,Pure Care Homes ltd,PURE CARE HOMES LTD,2019-09-05,NA,11667392
Private,2597738,1,WIGAN,Social Care Services ( clayton ) Ltd,Social Care Services ( clayton ) Ltd,SOCIAL CARE SERVICES (CLAYTON) LIMITED,2020-06-30,NA,04460745
Private,2606062,3,MANCHESTER,Paramount Children's Services Ltd,Paramount childrens Services Ltd,PARAMOUNT CHILDREN'S SERVICES LTD,2021-01-11,NA,12015758
Private,2571031,2,MANCHESTER,Onextra Care Ltd,Onextra Care Ltd,ONEXTRA CARE LTD,2020-05-27,NA,11855426
Private,SC064530,2,OLDHAM,Timeout Childrens Homes Ltd,Timeout Childrens Homes Ltd,TIMEOUT CHILDRENS HOMES LIMITED,NA,NA,05033530
Private,SC357468,1,ROCHDALE,Timeout Childrens Homes Ltd,Timeout Childrens Homes Ltd,TIMEOUT CHILDRENS HOMES LIMITED,NA,NA,05033530
Local Authority,1263766,4,TAMESIDE,Tameside Metropolitan Borough Council ,Tameside Metropolitan Borough Council,NA,2017-10-23,NA,NA
Private,1159258,4,MANCHESTER,Cambian Childcare Ltd,Cambian Childcare Ltd,CAMBIAN CHILDCARE LIMITED,2015-10-14,NA,04280519
Private,SC400355,3,STOCKPORT,Social Care Services ( clayton ) Ltd,Social Care Services ( clayton ) Ltd,SOCIAL CARE SERVICES (CLAYTON) LIMITED,NA,NA,04460745
Voluntary,SC025713,3,STOCKPORT,The Together Trust,The Together Trust,THE TOGETHER TRUST,NA,NA,00301722
Private,2509452,3,WIGAN,Horizon Care and Education Group Limited,Horizon Care and Education Group Limited,HORIZON CARE AND EDUCATION GROUP LIMITED,2019-03-11,NA,06454959
Private,2525774,4,OLDHAM,Stepping Stones Childrens Homes Limited,Stepping Stones Childrens Homes Limited,STEPPING STONES CHILDRENS HOMES LIMITED,2019-05-28,NA,09977747
Private,1261138,5,BURY,New Horizons-(stockport) Ltd,New Horizons-(stockport) Ltd,NEW HORIZONS (STOCKPORT) LTD,2017-08-29,NA,03431532
Private,SC412687,3,SALFORD,Social Care Services ( clayton ) Ltd,Social Care Services ( clayton ) Ltd,SOCIAL CARE SERVICES (CLAYTON) LIMITED,NA,NA,04460745
Private,2590109,3,BURY,4 Pure Heart Limited,4PureHeart Limited,4PUREHEART LIMITED,2020-06-10,NA,10057047
Private,2594007,2,SALFORD,Cambian Childcare Ltd,Cambian Childcare Ltd,CAMBIAN CHILDCARE LIMITED,2020-06-09,NA,04280519
Private,1185828,4,WIGAN,Next Stage 4Life LTD,Next Stage 4 Life LTD,NEXT STAGE 4 LIFE LTD,2016-02-08,NA,08256389
Private,SC378407,2,ROCHDALE,Timeout Childrens Homes Ltd,Timeout Childrens Homes Ltd,TIMEOUT CHILDRENS HOMES LIMITED,NA,NA,05033530
Private,SC416267,2,ROCHDALE,Timeout Childrens Homes Ltd,Timeout Childrens Homes Ltd,TIMEOUT CHILDRENS HOMES LIMITED,NA,NA,05033530
Private,SC008600,6,STOCKPORT,New Horizons-(stockport) Ltd,New Horizons-(stockport) Ltd,NEW HORIZONS (STOCKPORT) LTD,NA,NA,03431532
Private,2600759,3,WIGAN,Next Stage 4Life LTD,Next Stage 4 Life LTD,NEXT STAGE 4 LIFE LTD,2020-08-19,NA,08256389
Private,2582248,2,BURY,Sandcastle Care Ltd,Sandcastle Care Ltd,SANDCASTLE CARE LTD,2020-03-04,NA,04922373
Voluntary,SC373044,4,BOLTON,Birtenshaw,Birtenshaw,BIRTENSHAW,NA,NA,02978546
Private,SC386837,2,STOCKPORT,New Horizons-(stockport) Ltd,New Horizons-(stockport) Ltd,NEW HORIZONS (STOCKPORT) LTD,NA,NA,03431532
Voluntary,SC467796,3,BOLTON,Birtenshaw,Birtenshaw,BIRTENSHAW,NA,NA,02978546
Private,1244493,4,TAMESIDE,Stepping Stones Childrens Homes Limited,Stepping Stones Childrens Homes Limited,STEPPING STONES CHILDRENS HOMES LIMITED,2017-02-10,NA,09977747
Private,2550622,6,OLDHAM,Cambian Childcare Ltd,Cambian Childcare Ltd,CAMBIAN CHILDCARE LIMITED,2020-06-01,NA,04280519
Private,1244881,2,ROCHDALE,Timeout Childrens Homes Ltd,Timeout Childrens Homes Ltd,TIMEOUT CHILDRENS HOMES LIMITED,2016-09-13,NA,05033530
Private,1263425,2,STOCKPORT,Social Care Services ( clayton ) Ltd,Social Care Services ( clayton ) Ltd,SOCIAL CARE SERVICES (CLAYTON) LIMITED,2018-09-25,NA,04460745
Private,1265092,7,BOLTON,4 Pure Heart Limited,4PureHeart Limited,4PUREHEART LIMITED,2018-01-03,NA,10057047
Local Authority,SC040926,5,WIGAN,Wigan Council,Wigan Council,NA,NA,NA,NA
Private,SC357133,3,STOCKPORT,Social Care Services ( clayton ) Ltd,Social Care Services ( clayton ) Ltd,SOCIAL CARE SERVICES (CLAYTON) LIMITED,NA,NA,04460745
Private,2608484,2,SALFORD,Social Care Services ( clayton ) Ltd,Social Care Services ( clayton ) Ltd,SOCIAL CARE SERVICES (CLAYTON) LIMITED,2020-12-22,NA,04460745
Private,2616383,2,SALFORD,Onextra Care Ltd,Onextra Care Ltd,ONEXTRA CARE LTD,2021-02-25,NA,11855426
Private,2605180,3,MANCHESTER,Invigor Adolescent Care Limited,Invigor Adolescent Care Limited,INVIGOR ADOLESCENT CARE LIMITED,2020-12-15,NA,11666234
Private,SC062263,1,ROCHDALE,Timeout Childrens Homes Ltd,Timeout Childrens Homes Ltd,TIMEOUT CHILDRENS HOMES LIMITED,NA,NA,05033530
Voluntary,SC483533,3,BOLTON,Birtenshaw,Birtenshaw,BIRTENSHAW,2015-01-27,NA,02978546
Private,1159258,4,MANCHESTER,Cambian Childcare Limited,Cambian Childcare Limited,CAMBIAN CHILDCARE LIMITED,2015-10-14,NA,04280519
Private,1212094,4,SALFORD,Hexagon Care Services Ltd,Hexagon Care Services Ltd,HEXAGON CARE SERVICES LIMITED,2016-02-09,NA,08885676
Private,1244881,2,ROCHDALE,Time-Out Childrens Homes Limited,Time-Out Childrens Homes Limited,TIMEOUT CHILDRENS HOMES LIMITED,2016-09-13,NA,05033530
Private,1256134,4,OLDHAM,ROC Northwest Limited ,ROC Northwest Limited,ROC NORTHWEST LIMITED,2017-06-07,NA,05564417
Private,1258975,3,OLDHAM,Oasis Adolescent Services Ltd,Oasis Adolescent Services Ltd,OASIS ADOLESCENT SERVICES LIMITED,2017-10-16,NA,10606038
Private,1263199,6,WIGAN,Witherslack Group,Witherslack Group,WITHERSLACK GROUP LIMITED,2017-09-28,NA,03579104
Private,1263425,2,STOCKPORT,Social Care Services (Clayton) Limited,Social Care Services (Clayton) Limited,SOCIAL CARE SERVICES (CLAYTON) LIMITED,2018-09-25,NA,04460745
Private,1264537,5,WIGAN,ROC Northwest Limited ,ROC Northwest Limited,ROC NORTHWEST LIMITED,2017-11-29,NA,05564417
Private,1278753,3,OLDHAM,Oasis Adolescent Services Ltd,Oasis Adolescent Services Ltd,OASIS ADOLESCENT SERVICES LIMITED,2018-09-06,NA,10606038
Private,1280370,2,OLDHAM,Time-Out Childrens Homes Limited,Time-Out Childrens Homes Limited,TIMEOUT CHILDRENS HOMES LIMITED,2018-07-16,NA,05033530
Private,1280371,2,OLDHAM,Time-Out Childrens Homes Limited,Time-Out Childrens Homes Limited,TIMEOUT CHILDRENS HOMES LIMITED,2018-07-16,NA,05033530
Private,2519592,4,TAMESIDE,Care 4 Children Residential Services Limited,Care 4 Children Residential Services Limited,YOUR CHAPTER LIMITED,2019-04-08,NA,09097182
Private,2536761,3,WIGAN,Hexagon Care Services Ltd,Hexagon Care Services Ltd,HEXAGON CARE SERVICES LIMITED,2019-08-15,NA,08885676
Private,2542024,2,MANCHESTER,Proactive Care (manchester) ltd,Proactive Care (manchester) ltd,PROACTIVE CARE (MANCHESTER) LTD,2019-08-30,NA,08759855
Private,2550622,6,OLDHAM,Cambian Childcare Limited,Cambian Childcare Limited,CAMBIAN CHILDCARE LIMITED,2020-06-01,NA,04280519
Private,2553543,3,WIGAN,Social Care Services (Clayton) Limited,Social Care Services (Clayton) Limited,SOCIAL CARE SERVICES (CLAYTON) LIMITED,2020-04-21,NA,04460745
Private,2582337,2,BURY,Sandcastle Care Ltd,Sandcastle Care Ltd,SANDCASTLE CARE LTD,2020-03-04,NA,04922373
Private,2590699,4,SALFORD,Care 4 Every Child Ltd,Care 4 Every Child Ltd,CARE 4 EVERY CHILD LIMITED,2020-06-10,NA,11769512
Private,2591400,3,OLDHAM,Oasis Adolescent Services Ltd,Oasis Adolescent Services Ltd,OASIS ADOLESCENT SERVICES LIMITED,2020-05-06,NA,10606038
Private,2594007,2,SALFORD,Cambian Childcare Limited,Cambian Childcare Limited,CAMBIAN CHILDCARE LIMITED,2020-06-09,NA,04280519
Private,2594033,3,BURY,Inspire Childrens Services Limited,Inspire Childrens Services Limited,INSPIRE CHILDRENS SERVICES LIMITED,2020-06-19,NA,06968122
Private,2597738,1,WIGAN,Social Care Services (Clayton) Limited,Social Care Services (Clayton) Limited,SOCIAL CARE SERVICES (CLAYTON) LIMITED,2020-06-30,NA,04460745
Private,2598004,3,OLDHAM,Strive To Care Ltd,Strive To Care Ltd,STRIVE TO CARE LTD,2020-10-05,NA,12377099
Private,2608484,2,SALFORD,Social Care Services (Clayton) Limited,Social Care Services (Clayton) Limited,SOCIAL CARE SERVICES (CLAYTON) LIMITED,2020-12-22,NA,04460745
Private,2615395,2,MANCHESTER,Care Today ( Childrens Services ) Ltd,Care Today ( Childrens Services ) Ltd,CARE TODAY (CHILDRENS SERVICES) LTD,2020-11-26,NA,03576741
Private,2620950,2,BOLTON,Cambian Childcare Limited,Cambian Childcare Limited,CAMBIAN CHILDCARE LIMITED,2021-03-22,NA,04280519
Private,2621119,1,WIGAN,Cambian Childcare Limited,Cambian Childcare Limited,CAMBIAN CHILDCARE LIMITED,2021-04-23,NA,04280519
Private,2623004,1,BOLTON,Cambian Childcare Limited,Cambian Childcare Limited,CAMBIAN CHILDCARE LIMITED,2021-03-01,NA,04280519
Private,2625182,2,MANCHESTER,Care Today ( Childrens Services ) Ltd,Care Today ( Childrens Services ) Ltd,CARE TODAY (CHILDRENS SERVICES) LTD,2021-03-03,NA,03576741
Private,2627737,2,OLDHAM,Supreme Child Care ltd,Supreme Child Care ltd,SUPREME CHILD CARE LTD,2021-10-06,NA,12497748
Private,2628010,1,WIGAN,Cambian Childcare Limited,Cambian Childcare Limited,CAMBIAN CHILDCARE LIMITED,2021-04-27,NA,04280519
Private,2641768,4,TAMESIDE,Care 4 Every Child Ltd,Care 4 Every Child Ltd,CARE 4 EVERY CHILD LIMITED,2021-10-01,NA,11769512
Private,2642401,4,TAMESIDE,Infinity Care Home Ltd,Infinity Care Home Ltd,INFINITY CARE HOME LTD,2021-11-05,NA,12303401
Private,2643338,3,OLDHAM,Sankofa Specialist Care Ltd,Sankofa Specialist Care Ltd,SANKOFA SPECIALIST CARE LTD,2021-10-12,NA,12913729
Private,2645901,3,BOLTON,Oasis Adolescent Services Ltd,Oasis Adolescent Services Ltd,OASIS ADOLESCENT SERVICES LIMITED,2021-09-13,NA,10606038
Private,2646248,3,MANCHESTER,Paramount Children's Services Ltd,Paramount childrens Services Ltd,PARAMOUNT CHILDREN'S SERVICES LTD,2021-10-25,NA,12015758
Private,2651800,3,MANCHESTER,Kids Inc Residential Services Ltd,Kids Inc Residential Services Ltd,KIDS INC RESIDENTIAL SERVICES LTD,2021-10-25,NA,12722146
Private,2653207,1,WIGAN,All Round Care Ltd,All Round Care Ltd,ALL ROUND CARE LTD,2021-10-27,NA,10639802
Private,2657298,3,MANCHESTER,RESILIENCE RESIDENTIAL SERVICES LTD,RESILIENCE RESIDENTIAL SERVICES LTD,RESILIENCE RESIDENTIAL SERVICES LTD,2021-11-15,NA,12708214
Private,2664826,4,MANCHESTER,Family Care Associates Limited,Family Care Associates Limited,FAMILY CARE ASSOCIATES LIMITED,2022-03-02,NA,02252544
Private,2674455,1,STOCKPORT,Choices Home for Children Limited,Choices Home for Children Limited,CHOICES HOME FOR CHILDREN LIMITED,2022-01-27,NA,04211653
Private,SC008485,5,STOCKPORT,Choices Home for Children Limited,Choices Home for Children Limited,CHOICES HOME FOR CHILDREN LIMITED,NA,NA,04211653
Private,SC062263,1,ROCHDALE,Time-Out Childrens Homes Limited,Time-Out Childrens Homes Limited,TIMEOUT CHILDRENS HOMES LIMITED,NA,NA,05033530
Private,SC064530,2,OLDHAM,Time-Out Childrens Homes Limited,Time-Out Childrens Homes Limited,TIMEOUT CHILDRENS HOMES LIMITED,NA,NA,05033530
Private,SC065072,2,ROCHDALE,Time-Out Childrens Homes Limited,Time-Out Childrens Homes Limited,TIMEOUT CHILDRENS HOMES LIMITED,NA,NA,05033530
Private,SC357133,3,STOCKPORT,Social Care Services (Clayton) Limited,Social Care Services (Clayton) Limited,SOCIAL CARE SERVICES (CLAYTON) LIMITED,NA,NA,04460745
Private,SC400355,3,STOCKPORT,Social Care Services (Clayton) Limited,Social Care Services (Clayton) Limited,SOCIAL CARE SERVICES (CLAYTON) LIMITED,NA,NA,04460745
Private,SC407169,4,STOCKPORT,Choices Home for Children Limited,Choices Home for Children Limited,CHOICES HOME FOR CHILDREN LIMITED,NA,NA,04211653
Private,SC412687,3,SALFORD,Social Care Services (Clayton) Limited,Social Care Services (Clayton) Limited,SOCIAL CARE SERVICES (CLAYTON) LIMITED,NA,NA,04460745
Private,SC436559,5,STOCKPORT,Choices Home for Children Limited,Choices Home for Children Limited,CHOICES HOME FOR CHILDREN LIMITED,NA,NA,04211653
Private,SC479647,6,WIGAN,Hexagon Care Services Ltd,Hexagon Care Services Ltd,HEXAGON CARE SERVICES LIMITED,2014-10-08,NA,08885676
Private,SC479650,6,ROCHDALE,Hexagon Care Services Ltd,Hexagon Care Services Ltd,HEXAGON CARE SERVICES LIMITED,2014-10-08,NA,08885676
Private,SC479654,6,ROCHDALE,Hexagon Care Services Ltd,Hexagon Care Services Ltd,HEXAGON CARE SERVICES LIMITED,2014-09-05,NA,08885676
Private,SC480161,6,TAMESIDE,Hexagon Care Services Ltd,Hexagon Care Services Ltd,HEXAGON CARE SERVICES LIMITED,2014-09-10,NA,08885676
Private,SC386837,2,STOCKPORT,New Horizons (Stockport) Ltd,New Horizons (Stockport) Ltd,NEW HORIZONS (STOCKPORT) LTD,NA,NA,03431532
Private,2628010,1,WIGAN,Cambian Childcare Ltd,Cambian Childcare Ltd,CAMBIAN CHILDCARE LIMITED,2021-04-27,NA,04280519
Private,2657298,3,MANCHESTER,Resilience Residential Services Ltd ,Resilience Residential Services Ltd,RESILIENCE RESIDENTIAL SERVICES LTD,2021-11-15,NA,12708214
Private,2676372,2,MANCHESTER,Resilience Residential Services Ltd ,Resilience Residential Services Ltd,RESILIENCE RESIDENTIAL SERVICES LTD,2022-04-19,NA,12708214
Private,2678673,3,MANCHESTER,Parkwood Care,Parkwood Care,PARKWOOD CARE LIMITED,2022-05-25,NA,12549974
Private,2669033,2,WIGAN,Proactive Care (manchester) ltd,Proactive Care (manchester) ltd,PROACTIVE CARE (MANCHESTER) LTD,2022-04-08,NA,08759855
Private,SC008600,6,STOCKPORT,New Horizons (Stockport) Ltd,New Horizons (Stockport) Ltd,NEW HORIZONS (STOCKPORT) LTD,NA,NA,03431532
Private,2519592,4,TAMESIDE,Your Chapter LTD,Your Chapter LTD,YOUR CHAPTER LIMITED,2019-04-08,NA,09097182
Private,2591888,4,TAMESIDE,New Horizons (Stockport) Ltd,New Horizons (Stockport) Ltd,NEW HORIZONS (STOCKPORT) LTD,2020-06-16,NA,03431532
Private,2612810,3,TAMESIDE,Pure Care Homes Ltd,Pure Care Homes Ltd,PURE CARE HOMES LTD,2021-01-19,NA,11667392
Private,2685250,3,BURY,Pure Care Homes Ltd,Pure Care Homes Ltd,PURE CARE HOMES LTD,2022-07-27,NA,11667392
Private,2672559,2,MANCHESTER,Care Today (Children's Services) Ltd,Care Today (childrens Services) Ltd,CARE TODAY (CHILDRENS SERVICES) LTD,2022-04-21,NA,03576741
Private,SC472680,5,MANCHESTER,New Horizons (Stockport) Ltd,New Horizons (Stockport) Ltd,NEW HORIZONS (STOCKPORT) LTD,NA,NA,03431532
Private,SC005553,4,OLDHAM,Dalepeak Limited,Dalepeak Limited,DALEPEAK LIMITED,NA,NA,03612944
Private,SC436559,5,STOCKPORT,Choices Home for Children,Choices Home for Children,CHOICES HOME FOR CHILDREN LIMITED,NA,NA,04211653
Private,2680502,2,BOLTON,Social Care Services (Clayton) Limited,Social Care Services (Clayton) Limited,SOCIAL CARE SERVICES (CLAYTON) LIMITED,2022-05-21,NA,04460745
Private,1261138,5,BURY,New Horizons (Stockport) Ltd,New Horizons (Stockport) Ltd,NEW HORIZONS (STOCKPORT) LTD,2017-08-29,NA,03431532
Private,2625182,2,MANCHESTER,Care Today (Children's Services) Ltd,Care Today (childrens Services) Ltd,CARE TODAY (CHILDRENS SERVICES) LTD,2021-03-03,NA,03576741
Local Authority,1271135,2,STOCKPORT,Stockport Metropolitan Borough Council,Stockport Metropolitan Borough Council,NA,2018-02-15,NA,NA
Private,2680860,3,BURY,Invigor Adolescent Care Limited,Invigor Adolescent Care Limited,INVIGOR ADOLESCENT CARE LIMITED,2022-09-16,NA,11666234
Private,2674455,1,STOCKPORT,Choices Home for Children,Choices Home for Children,CHOICES HOME FOR CHILDREN LIMITED,2022-01-27,NA,04211653
Private,SC407169,4,STOCKPORT,Choices Home for Children,Choices Home for Children,CHOICES HOME FOR CHILDREN LIMITED,NA,NA,04211653
Private,SC008485,5,STOCKPORT,Choices Home for Children,Choices Home for Children,CHOICES HOME FOR CHILDREN LIMITED,NA,NA,04211653
Private,2615395,2,MANCHESTER,Care Today (Children's Services) Ltd,Care Today (childrens Services) Ltd,CARE TODAY (CHILDRENS SERVICES) LTD,2020-11-26,NA,03576741
Private,2621119,1,WIGAN,Cambian Childcare Ltd,Cambian Childcare Ltd,CAMBIAN CHILDCARE LIMITED,2021-04-23,NA,04280519
Private,2669905,3,MANCHESTER,NA,NA,NA,2022-05-23,NA,NA
Private,2693530,2,WIGAN,NA,NA,NA,2022-08-22,NA,NA
Private,2697331,3,TRAFFORD,NA,NA,NA,2022-11-09,NA,NA
Private,2709434,2,BURY,NA,NA,NA,2022-11-03,NA,NA
Private,2710431,5,TAMESIDE,NA,NA,NA,2023-02-21,NA,NA
Private,2710459,2,WIGAN,NA,NA,NA,2023-01-24,NA,NA
Private,2710542,2,SALFORD,NA,NA,NA,2023-01-04,NA,NA
Private,2710735,4,STOCKPORT,NA,NA,NA,2022-11-23,NA,NA
Private,2711581,1,OLDHAM,NA,NA,NA,2023-01-27,NA,NA
Private,2711793,2,BOLTON,NA,NA,NA,2023-03-09,NA,NA
Private,2713287,1,ROCHDALE,NA,NA,NA,2023-01-27,NA,NA
Private,2717183,3,MANCHESTER,NA,NA,NA,2023-02-08,NA,NA
Private,2719474,3,MANCHESTER,NA,NA,NA,2023-02-24,NA,NA
